path,program_type,format,structural_status,sample_references,simulation_scope,semantic_verdict,semantic_issues,hardware_status,favorite,scratchpad_role,notes
MPC Expansions/Dr Bohm From Mars/Dr Bohm From Mars.xpm,Drum,xml,pass,25,production,pass,,untested,,,
MPC Expansions/Dr Bohm From Mars/Mini Bohm From Mars.xpm,Drum,xml,pass,30,production,pass,,untested,,,
Programs/Keygroups/Samples From Mars/101 From Mars/Bass/Fisherman'sFriend.xpm,Keygroup,gzip-json,pass,97,production,pass,,pass,no,candidate:bass,"Works as expected across the Key 37, but its sound does not merit a place in the favorite Scratchpad lineup."
Programs/Keygroups/Samples From Mars/101 From Mars/Bass/HalfSub_tri.xpm,Keygroup,gzip-json,pass,85,production,pass,,untested,,,
Programs/Keygroups/Samples From Mars/101 From Mars/Bass/Hover.xpm,Keygroup,gzip-json,pass,91,production,pass,,untested,,,
Programs/Keygroups/Samples From Mars/101 From Mars/Bass/I'mGoingToSub1Down.xpm,Keygroup,gzip-json,pass,90,production,pass,,untested,,,
Programs/Keygroups/Samples From Mars/101 From Mars/Bass/Loggins.xpm,Keygroup,gzip-json,pass,91,production,pass,,untested,,,
Programs/Keygroups/Samples From Mars/101 From Mars/Bass/PortoViarta.xpm,Keygroup,gzip-json,pass,72,production,pass,,untested,,,
Programs/Keygroups/Samples From Mars/101 From Mars/Bass/SecondStory.xpm,Keygroup,gzip-json,pass,85,production,pass,,untested,,,
Programs/Keygroups/Samples From Mars/101 From Mars/Bass/SquareTriSub.xpm,Keygroup,gzip-json,pass,85,production,pass,,untested,,,
Programs/Keygroups/Samples From Mars/101 From Mars/Bass/Sub2Down.xpm,Keygroup,gzip-json,pass,97,production,pass,,untested,,,
Programs/Keygroups/Samples From Mars/101 From Mars/Bass/SubPitchMod.xpm,Keygroup,gzip-json,pass,1,production,pass,,untested,,,
Programs/Keygroups/Samples From Mars/101 From Mars/Bass/SubPitchMod2.xpm,Keygroup,gzip-json,pass,1,production,pass,,untested,,,
Programs/Keygroups/Samples From Mars/101 From Mars/Bass/TVOD.xpm,Keygroup,gzip-json,pass,90,production,pass,,untested,,,
Programs/Keygroups/Samples From Mars/101 From Mars/FX/BigSub1.xpm,Keygroup,gzip-json,pass,1,production,pass,,untested,,,
Programs/Keygroups/Samples From Mars/101 From Mars/FX/KrstlVowels.xpm,Keygroup,gzip-json,pass,83,production,pass,,untested,,,
Programs/Keygroups/Samples From Mars/101 From Mars/FX/MostlyWyte.xpm,Keygroup,gzip-json,pass,85,production,pass,,untested,,,
Programs/Keygroups/Samples From Mars/101 From Mars/FX/Precinct420.xpm,Keygroup,gzip-json,pass,91,production,pass,,untested,,,
Programs/Keygroups/Samples From Mars/101 From Mars/FX/Sizzler'sBoogieBuffet.xpm,Keygroup,gzip-json,pass,97,production,pass,,untested,,,
Programs/Keygroups/Samples From Mars/101 From Mars/Keys and Pads/CampFire.xpm,Keygroup,gzip-json,pass,85,production,pass,,untested,,,
Programs/Keygroups/Samples From Mars/101 From Mars/Keys and Pads/FallingSun.xpm,Keygroup,gzip-json,pass,89,production,pass,,untested,,,
Programs/Keygroups/Samples From Mars/101 From Mars/Keys and Pads/Fog.xpm,Keygroup,gzip-json,pass,85,production,pass,,untested,,,
Programs/Keygroups/Samples From Mars/101 From Mars/Keys and Pads/Hze.xpm,Keygroup,gzip-json,pass,91,production,pass,,untested,,,
Programs/Keygroups/Samples From Mars/101 From Mars/Keys and Pads/Legacy_Pulsar.xpm,Keygroup,gzip-json,pass,79,production,pass,,untested,,,
Programs/Keygroups/Samples From Mars/101 From Mars/Keys and Pads/MoonWave.xpm,Keygroup,gzip-json,pass,90,production,pass,,untested,,,
Programs/Keygroups/Samples From Mars/101 From Mars/Keys and Pads/TinyRave.xpm,Keygroup,gzip-json,pass,85,production,pass,,untested,,,
Programs/Keygroups/Samples From Mars/101 From Mars/Leads/AttackGrail.xpm,Keygroup,gzip-json,pass,84,production,pass,,untested,,,
Programs/Keygroups/Samples From Mars/101 From Mars/Leads/BirdMusic.xpm,Keygroup,gzip-json,pass,92,production,pass,,untested,,,
Programs/Keygroups/Samples From Mars/101 From Mars/Leads/Dekker.xpm,Keygroup,gzip-json,pass,85,production,pass,,untested,,,
Programs/Keygroups/Samples From Mars/101 From Mars/Leads/HumanMusic.xpm,Keygroup,gzip-json,pass,73,production,pass,,pass,no,candidate:lead/pad,"Works as expected across the Key 37, but its sound does not merit a place in the favorite Scratchpad lineup."
Programs/Keygroups/Samples From Mars/101 From Mars/Leads/IndigoRise.xpm,Keygroup,gzip-json,pass,73,production,pass,,untested,,,
Programs/Keygroups/Samples From Mars/101 From Mars/Leads/Legacy_SynthVoice.xpm,Keygroup,gzip-json,pass,79,production,pass,,untested,,,
Programs/Keygroups/Samples From Mars/101 From Mars/Leads/RonDon's.xpm,Keygroup,gzip-json,pass,73,production,pass,,untested,,,
Programs/Keygroups/Samples From Mars/101 From Mars/Leads/SugarTyts.xpm,Keygroup,gzip-json,pass,91,production,pass,,untested,,,
Programs/Keygroups/Samples From Mars/2600 From Mars/Bass/3Squares.xpm,Keygroup,gzip-json,pass,114,production,pass,,untested,,,
Programs/Keygroups/Samples From Mars/2600 From Mars/Bass/AllOfMyBass.xpm,Keygroup,gzip-json,pass,84,production,pass,,untested,,,
Programs/Keygroups/Samples From Mars/2600 From Mars/Bass/BillyZaneBass.xpm,Keygroup,gzip-json,pass,97,production,pass,,untested,,,
Programs/Keygroups/Samples From Mars/2600 From Mars/Bass/BoogieBassSaw.xpm,Keygroup,gzip-json,pass,109,production,pass,,untested,,,
Programs/Keygroups/Samples From Mars/2600 From Mars/Bass/BoogieBassSquare.xpm,Keygroup,gzip-json,pass,109,production,pass,,untested,,,
Programs/Keygroups/Samples From Mars/2600 From Mars/Bass/Dirtier08.xpm,Keygroup,gzip-json,pass,49,production,pass,,untested,,,
Programs/Keygroups/Samples From Mars/2600 From Mars/Bass/It'sBeat.xpm,Keygroup,gzip-json,pass,97,production,pass,,untested,,,
Programs/Keygroups/Samples From Mars/2600 From Mars/Bass/JustSub.xpm,Keygroup,gzip-json,pass,37,production,pass,,untested,,,
Programs/Keygroups/Samples From Mars/2600 From Mars/Bass/MrFrosty.xpm,Keygroup,gzip-json,pass,85,production,pass,,untested,,,
Programs/Keygroups/Samples From Mars/2600 From Mars/Bass/Osc1Saw.xpm,Keygroup,gzip-json,pass,97,production,pass,,untested,,,
Programs/Keygroups/Samples From Mars/2600 From Mars/FX/DeathOrchestraHit.xpm,Keygroup,gzip-json,pass,85,production,pass,,untested,,,
Programs/Keygroups/Samples From Mars/2600 From Mars/FX/GoLowR2.xpm,Keygroup,gzip-json,pass,97,production,pass,,untested,,,
Programs/Keygroups/Samples From Mars/2600 From Mars/FX/PennyFarthing.xpm,Keygroup,gzip-json,pass,108,production,pass,,untested,,,
Programs/Keygroups/Samples From Mars/2600 From Mars/FX/SampleAndChill.xpm,Keygroup,gzip-json,pass,97,production,pass,,untested,,,
Programs/Keygroups/Samples From Mars/2600 From Mars/Leads/HooverKraftLead.xpm,Keygroup,gzip-json,pass,73,production,pass,,untested,,,
Programs/Keygroups/Samples From Mars/2600 From Mars/Leads/Jackie's33.xpm,Keygroup,gzip-json,pass,83,production,pass,,untested,,,
Programs/Keygroups/Samples From Mars/2600 From Mars/Leads/Jaws.xpm,Keygroup,gzip-json,pass,96,production,pass,,untested,,,
Programs/Keygroups/Samples From Mars/2600 From Mars/Leads/LittleMetalsLead.xpm,Keygroup,gzip-json,pass,85,production,pass,,untested,,,
Programs/Keygroups/Samples From Mars/2600 From Mars/Leads/MarioIsOnPCP.xpm,Keygroup,gzip-json,pass,97,production,pass,,untested,,,
Programs/Keygroups/Samples From Mars/2600 From Mars/Leads/ModPulse.xpm,Keygroup,gzip-json,pass,107,production,pass,,untested,,,
Programs/Keygroups/Samples From Mars/2600 From Mars/Leads/Osc1Square.xpm,Keygroup,gzip-json,pass,121,production,pass,,untested,,,
Programs/Keygroups/Samples From Mars/2600 From Mars/Leads/RankingDons.xpm,Keygroup,gzip-json,pass,170,production,pass,,untested,,,
Programs/Keygroups/Samples From Mars/2600 From Mars/Leads/Sehnsucht.xpm,Keygroup,gzip-json,pass,97,production,pass,,untested,,,
Programs/Keygroups/Samples From Mars/2600 From Mars/Leads/TechNoir.xpm,Keygroup,gzip-json,pass,109,production,pass,,untested,,,
Programs/Keygroups/Samples From Mars/2600 From Mars/Pads/BuildAShimmerPad.xpm,Keygroup,gzip-json,pass,97,production,pass,,untested,,,
Programs/Keygroups/Samples From Mars/2600 From Mars/Pads/OneFiftySeven.xpm,Keygroup,gzip-json,pass,96,production,pass,,pass,no,candidate:lead/pad,"Passes on the Key 37 and remains a known-good alternative; Dark FM and Glass Howl were selected for the dedicated Lead and Pad tracks."
Programs/Keygroups/Samples From Mars/2600 From Mars/Pads/Osc2Sine.xpm,Keygroup,gzip-json,pass,109,production,pass,,untested,,,
Programs/Keygroups/Samples From Mars/2600 From Mars/Pads/TheThreeStorms.xpm,Keygroup,gzip-json,pass,97,production,pass,,untested,,,
Programs/Keygroups/Samples From Mars/2600 From Mars/Pads/WheelToHell.xpm,Keygroup,gzip-json,pass,85,production,pass,,untested,,,
Programs/Keygroups/Samples From Mars/2600 From Mars/Perc/Timpaniz.xpm,Keygroup,gzip-json,pass,85,production,pass,,untested,,,
Programs/Keygroups/Samples From Mars/2600 From Mars/Perc/WhiteLies.xpm,Keygroup,gzip-json,pass,109,production,pass,,untested,,,
Programs/Keygroups/Samples From Mars/360 From Mars/Bass/E Bass Multi Filter.xpm,Keygroup,gzip-json,pass,162,production,pass,,untested,,,
Programs/Keygroups/Samples From Mars/360 From Mars/Bass/Slap Bass Multi Filter.xpm,Keygroup,gzip-json,pass,153,production,pass,,untested,,,
Programs/Keygroups/Samples From Mars/360 From Mars/Brass & Woodwind/Clarinet.xpm,Keygroup,gzip-json,pass,42,production,pass,,untested,,,
Programs/Keygroups/Samples From Mars/360 From Mars/Brass & Woodwind/English Horn.xpm,Keygroup,gzip-json,pass,42,production,pass,,untested,,,
Programs/Keygroups/Samples From Mars/360 From Mars/Brass & Woodwind/Flute Filter.xpm,Keygroup,gzip-json,pass,37,production,pass,,untested,,,
Programs/Keygroups/Samples From Mars/360 From Mars/Brass & Woodwind/Flute.xpm,Keygroup,gzip-json,pass,39,production,pass,,untested,,,
Programs/Keygroups/Samples From Mars/360 From Mars/Brass & Woodwind/French Horn Filter.xpm,Keygroup,gzip-json,pass,39,production,pass,,untested,,,
Programs/Keygroups/Samples From Mars/360 From Mars/Brass & Woodwind/French Horn.xpm,Keygroup,gzip-json,pass,39,production,pass,,untested,,,
Programs/Keygroups/Samples From Mars/360 From Mars/Brass & Woodwind/Muted Trumpet Phaser.xpm,Keygroup,gzip-json,pass,39,production,pass,,untested,,,
Programs/Keygroups/Samples From Mars/360 From Mars/Brass & Woodwind/Muted Trumpet.xpm,Keygroup,gzip-json,pass,39,production,pass,,untested,,,
Programs/Keygroups/Samples From Mars/360 From Mars/Brass & Woodwind/Oboe.xpm,Keygroup,gzip-json,pass,37,production,pass,,untested,,,
Programs/Keygroups/Samples From Mars/360 From Mars/Brass & Woodwind/Saxophone Filter.xpm,Keygroup,gzip-json,pass,48,production,pass,,untested,,,
Programs/Keygroups/Samples From Mars/360 From Mars/Brass & Woodwind/Saxophone.xpm,Keygroup,gzip-json,pass,48,production,pass,,untested,,,
Programs/Keygroups/Samples From Mars/360 From Mars/Brass & Woodwind/Trombone.xpm,Keygroup,gzip-json,pass,42,production,pass,,untested,,,
Programs/Keygroups/Samples From Mars/360 From Mars/Brass & Woodwind/Trumpet.xpm,Keygroup,gzip-json,pass,36,production,pass,,untested,,,
Programs/Keygroups/Samples From Mars/360 From Mars/Guitars/Electric Guitar.xpm,Keygroup,gzip-json,pass,42,production,pass,,untested,,,
Programs/Keygroups/Samples From Mars/360 From Mars/Guitars/Jazz Guitar Vibrato.xpm,Keygroup,gzip-json,pass,53,production,pass,,untested,,,
Programs/Keygroups/Samples From Mars/360 From Mars/Guitars/Jazz Guitar.xpm,Keygroup,gzip-json,pass,53,production,pass,,untested,,,
Programs/Keygroups/Samples From Mars/360 From Mars/Guitars/Nylon Guitar Vibrato.xpm,Keygroup,gzip-json,pass,45,production,pass,,untested,,,
Programs/Keygroups/Samples From Mars/360 From Mars/Guitars/Nylon Guitar.xpm,Keygroup,gzip-json,pass,45,production,pass,,untested,,,
Programs/Keygroups/Samples From Mars/360 From Mars/Keys/Clav Phaser.xpm,Keygroup,gzip-json,pass,49,production,pass,,untested,,,
Programs/Keygroups/Samples From Mars/360 From Mars/Keys/Clav.xpm,Keygroup,gzip-json,pass,49,production,pass,,untested,,,
Programs/Keygroups/Samples From Mars/360 From Mars/Keys/E Piano Tremolo.xpm,Keygroup,gzip-json,pass,51,production,pass,,untested,,,
Programs/Keygroups/Samples From Mars/360 From Mars/Keys/E Piano Vibrato.xpm,Keygroup,gzip-json,pass,53,production,pass,,untested,,,
Programs/Keygroups/Samples From Mars/360 From Mars/Keys/E Piano.xpm,Keygroup,gzip-json,pass,53,production,pass,,pass,no,candidate:keys,"Works as expected across the Key 37, but its sound does not merit a place in the favorite Scratchpad lineup."
Programs/Keygroups/Samples From Mars/360 From Mars/Perc/Mallet Multi Filter.xpm,Keygroup,gzip-json,pass,159,production,pass,,untested,,,
Programs/Keygroups/Samples From Mars/360 From Mars/Perc/Timpani Echo.xpm,Keygroup,gzip-json,pass,13,production,pass,,untested,,,
Programs/Keygroups/Samples From Mars/360 From Mars/Perc/Timpani.xpm,Keygroup,gzip-json,pass,17,production,pass,,untested,,,
Programs/Keygroups/Samples From Mars/360 From Mars/Perc/Vibes Vibrato.xpm,Keygroup,gzip-json,pass,54,production,pass,,untested,,,
Programs/Keygroups/Samples From Mars/360 From Mars/Perc/Vibes.xpm,Keygroup,gzip-json,pass,54,production,pass,,untested,,,
Programs/Keygroups/Samples From Mars/360 From Mars/Stacks/Stack - E Piano E Bass.xpm,Keygroup,gzip-json,pass,54,production,pass,,untested,,,
Programs/Keygroups/Samples From Mars/360 From Mars/Stacks/Stack - Nylon Guitar E Bass.xpm,Keygroup,gzip-json,pass,54,production,pass,,untested,,,
Programs/Keygroups/Samples From Mars/360 From Mars/Strings/Cello.xpm,Keygroup,gzip-json,pass,26,production,pass,,untested,,,
Programs/Keygroups/Samples From Mars/360 From Mars/Strings/Strings Chorus.xpm,Keygroup,gzip-json,pass,54,production,pass,,untested,,,
Programs/Keygroups/Samples From Mars/360 From Mars/Strings/Strings Filter.xpm,Keygroup,gzip-json,pass,54,production,pass,,untested,,,
Programs/Keygroups/Samples From Mars/360 From Mars/Strings/Strings.xpm,Keygroup,gzip-json,pass,53,production,pass,,untested,,,
Programs/Keygroups/Samples From Mars/808 From Mars - Legacy/BD SP1200 B Long.xpm,Keygroup,gzip-json,pass,13,production,pass,,untested,,,
Programs/Keygroups/Samples From Mars/808 From Mars - Legacy/BD SP1200 B Short.xpm,Keygroup,gzip-json,pass,13,production,pass,,untested,,,
Programs/Keygroups/Samples From Mars/808 From Mars - Legacy/BD Tape Tuned 1.xpm,Keygroup,gzip-json,pass,12,production,pass,,untested,,,
Programs/Keygroups/Samples From Mars/808 From Mars - Legacy/BD Tape Tuned 2.xpm,Keygroup,gzip-json,pass,12,production,pass,,untested,,,
Programs/Keygroups/Samples From Mars/808 From Mars - Legacy/BD Tape Tuned 3.xpm,Keygroup,gzip-json,pass,12,production,pass,,untested,,,
Programs/Keygroups/Samples From Mars/808 From Mars - Legacy/BD Tape Tuned 4.xpm,Keygroup,gzip-json,pass,12,production,pass,,untested,,,
Programs/Keygroups/Samples From Mars/808 From Mars - Legacy/BD Tape Tuned Filt1.xpm,Keygroup,gzip-json,pass,16,production,pass,,untested,,,
Programs/Keygroups/Samples From Mars/808 From Mars - Legacy/BD Tape Tuned Filt2.xpm,Keygroup,gzip-json,pass,16,production,pass,,untested,,,
Programs/Keygroups/Samples From Mars/808 From Mars - Legacy/Conga Clean.xpm,Keygroup,gzip-json,pass,16,production,pass,,untested,,,
Programs/Keygroups/Samples From Mars/808 From Mars - Legacy/Conga Re-Pitched.xpm,Keygroup,gzip-json,pass,8,production,pass,,untested,,,
Programs/Keygroups/Samples From Mars/808 From Mars - Legacy/Conga Tape.xpm,Keygroup,gzip-json,pass,16,production,pass,,untested,,,
Programs/Keygroups/Samples From Mars/808 From Mars - Legacy/Toms Clean.xpm,Keygroup,gzip-json,pass,13,production,pass,,untested,,,
Programs/Keygroups/Samples From Mars/808 From Mars - Legacy/Toms Saturated.xpm,Keygroup,gzip-json,pass,13,production,pass,,untested,,,
Programs/Keygroups/Samples From Mars/808 From Mars - Legacy/Toms Tape.xpm,Keygroup,gzip-json,pass,13,production,pass,,untested,,,
Programs/Keygroups/Samples From Mars/Acid From Mars/Synths/Echo Square.xpm,Keygroup,gzip-json,pass,37,production,pass,,pass,provisional,candidate:bass,"Plays successfully on the Key 37 and is strongly liked as an additional bass option."
Programs/Keygroups/Samples From Mars/Acid From Mars/Synths/Moving Saw Poly.xpm,Keygroup,gzip-json,pass,37,production,pass,,untested,,,
Programs/Keygroups/Samples From Mars/Acid From Mars/Synths/Square.xpm,Keygroup,gzip-json,pass,37,production,pass,,untested,,,
Programs/Keygroups/Samples From Mars/Acid From Mars/Synths/Sticatto Poly Saw.xpm,Keygroup,gzip-json,pass,37,production,pass,,untested,,,
Programs/Keygroups/Samples From Mars/Arp Omni From Mars/Strings/Double Octave Saturated.xpm,Keygroup,gzip-json,pass,20,production,pass,,untested,,,
Programs/Keygroups/Samples From Mars/Arp Omni From Mars/Strings/Long & Saturated.xpm,Keygroup,gzip-json,pass,20,production,pass,,untested,,,
Programs/Keygroups/Samples From Mars/Arp Omni From Mars/Strings/Long.xpm,Keygroup,gzip-json,pass,20,production,pass,,untested,,,
Programs/Keygroups/Samples From Mars/Arp Omni From Mars/Strings/Open Double Octave.xpm,Keygroup,gzip-json,pass,20,production,pass,,untested,,,
Programs/Keygroups/Samples From Mars/Arp Omni From Mars/Strings/Open Filter Saturated.xpm,Keygroup,gzip-json,pass,25,production,pass,,untested,,,
Programs/Keygroups/Samples From Mars/Arp Omni From Mars/Strings/Short & Funky Saturated.xpm,Keygroup,gzip-json,pass,20,production,pass,,untested,,,
Programs/Keygroups/Samples From Mars/DX100 From Mars/Alarm Call FX.xpm,Keygroup,gzip-json,pass,84,production,pass,,untested,,,
Programs/Keygroups/Samples From Mars/DX100 From Mars/Box Cello.xpm,Keygroup,gzip-json,pass,80,production,pass,,untested,,,
Programs/Keygroups/Samples From Mars/DX100 From Mars/Breath V.xpm,Keygroup,gzip-json,pass,73,production,pass,,untested,,,
Programs/Keygroups/Samples From Mars/DX100 From Mars/Chirping Birds FX.xpm,Keygroup,gzip-json,pass,60,production,pass,,untested,,,
Programs/Keygroups/Samples From Mars/DX100 From Mars/Clean Sine.xpm,Keygroup,gzip-json,pass,84,production,pass,,untested,,,
Programs/Keygroups/Samples From Mars/DX100 From Mars/David Lynch.xpm,Keygroup,gzip-json,pass,84,production,pass,,untested,,,
Programs/Keygroups/Samples From Mars/DX100 From Mars/Digi Pianet.xpm,Keygroup,gzip-json,pass,192,production,pass,,untested,,,
Programs/Keygroups/Samples From Mars/DX100 From Mars/Dream Like.xpm,Keygroup,gzip-json,pass,84,production,pass,,untested,,,
Programs/Keygroups/Samples From Mars/DX100 From Mars/Easy Clav.xpm,Keygroup,gzip-json,pass,192,production,pass,,untested,,,
Programs/Keygroups/Samples From Mars/DX100 From Mars/Electric Acoustic.xpm,Keygroup,gzip-json,pass,84,production,pass,,untested,,,
Programs/Keygroups/Samples From Mars/DX100 From Mars/Electric Bass.xpm,Keygroup,gzip-json,pass,73,production,pass,,untested,,,
Programs/Keygroups/Samples From Mars/DX100 From Mars/FM Bell FX.xpm,Keygroup,gzip-json,pass,72,production,pass,,untested,,,
Programs/Keygroups/Samples From Mars/DX100 From Mars/FM Sawtooth.xpm,Keygroup,gzip-json,pass,92,production,pass,,untested,,,
Programs/Keygroups/Samples From Mars/DX100 From Mars/FM Square Distorted.xpm,Keygroup,gzip-json,pass,170,production,pass,,untested,,,
Programs/Keygroups/Samples From Mars/DX100 From Mars/Filth Rocket FX.xpm,Keygroup,gzip-json,pass,84,production,pass,,untested,,,
Programs/Keygroups/Samples From Mars/DX100 From Mars/Fuzz Clav.xpm,Keygroup,gzip-json,pass,84,production,pass,,untested,,,
Programs/Keygroups/Samples From Mars/DX100 From Mars/Good Vibes.xpm,Keygroup,gzip-json,pass,84,production,pass,,untested,,,
Programs/Keygroups/Samples From Mars/DX100 From Mars/Hard Brass.xpm,Keygroup,gzip-json,pass,96,production,pass,,untested,,,
Programs/Keygroups/Samples From Mars/DX100 From Mars/Harpsi FM.xpm,Keygroup,gzip-json,pass,170,production,pass,,untested,,,
Programs/Keygroups/Samples From Mars/DX100 From Mars/Harpsichord.xpm,Keygroup,gzip-json,pass,74,production,pass,,untested,,,
Programs/Keygroups/Samples From Mars/DX100 From Mars/Helicopter FX.xpm,Keygroup,gzip-json,pass,61,production,pass,,untested,,,
Programs/Keygroups/Samples From Mars/DX100 From Mars/House Organ.xpm,Keygroup,gzip-json,pass,84,production,pass,,untested,,,
Programs/Keygroups/Samples From Mars/DX100 From Mars/Jazzy Organ.xpm,Keygroup,gzip-json,pass,84,production,pass,,untested,,,
Programs/Keygroups/Samples From Mars/DX100 From Mars/Jet Son FX.xpm,Keygroup,gzip-json,pass,72,production,pass,,untested,,,
Programs/Keygroups/Samples From Mars/DX100 From Mars/Marimba.xpm,Keygroup,gzip-json,pass,85,production,pass,,untested,,,
Programs/Keygroups/Samples From Mars/DX100 From Mars/Metal Tube.xpm,Keygroup,gzip-json,pass,168,production,pass,,untested,,,
Programs/Keygroups/Samples From Mars/DX100 From Mars/Mono Bass.xpm,Keygroup,gzip-json,pass,96,production,pass,,untested,,,
Programs/Keygroups/Samples From Mars/DX100 From Mars/Old Banjo.xpm,Keygroup,gzip-json,pass,84,production,pass,,untested,,,
Programs/Keygroups/Samples From Mars/DX100 From Mars/Pan Flute.xpm,Keygroup,gzip-json,pass,84,production,pass,,untested,,,
Programs/Keygroups/Samples From Mars/DX100 From Mars/Pristine Celeste.xpm,Keygroup,gzip-json,pass,193,production,pass,,untested,,,
Programs/Keygroups/Samples From Mars/DX100 From Mars/Soft Horns.xpm,Keygroup,gzip-json,pass,84,production,pass,,untested,,,
Programs/Keygroups/Samples From Mars/DX100 From Mars/Solid Bass.xpm,Keygroup,gzip-json,pass,252,production,pass,,untested,,,
Programs/Keygroups/Samples From Mars/DX100 From Mars/Star Piano.xpm,Keygroup,gzip-json,pass,97,production,pass,,untested,,,
Programs/Keygroups/Samples From Mars/DX100 From Mars/Steel Drums.xpm,Keygroup,gzip-json,pass,77,production,pass,,untested,,,
Programs/Keygroups/Samples From Mars/DX100 From Mars/Synthe Bass.xpm,Keygroup,gzip-json,pass,336,production,pass,,untested,,,
Programs/Keygroups/Samples From Mars/DX100 From Mars/Tubular Bells.xpm,Keygroup,gzip-json,pass,255,production,pass,,untested,,,
Programs/Keygroups/Samples From Mars/DX100 From Mars/Warble Celeste.xpm,Keygroup,gzip-json,pass,192,production,pass,,untested,,,
Programs/Keygroups/Samples From Mars/DX100 From Mars/Wood Piano.xpm,Keygroup,gzip-json,pass,84,production,pass,,untested,,,
Programs/Keygroups/Samples From Mars/DX100 From Mars/Xylo Snare.xpm,Keygroup,gzip-json,pass,96,production,pass,,untested,,,
Programs/Keygroups/Samples From Mars/Dr Sample From Mars/80s Piano.xpm,Keygroup,gzip-json,pass,37,production,pass,,untested,,,
Programs/Keygroups/Samples From Mars/Dr Sample From Mars/Bass/Bass Pizz.xpm,Keygroup,gzip-json,pass,12,production,pass,,untested,,,
Programs/Keygroups/Samples From Mars/Dr Sample From Mars/Bass/Drift Bass.xpm,Keygroup,gzip-json,pass,13,production,pass,,untested,,,
Programs/Keygroups/Samples From Mars/Dr Sample From Mars/Bass/E Bass.xpm,Keygroup,gzip-json,pass,13,production,pass,,untested,,,
Programs/Keygroups/Samples From Mars/Dr Sample From Mars/Bass/Goon Bass.xpm,Keygroup,gzip-json,pass,25,production,pass,,untested,,,
Programs/Keygroups/Samples From Mars/Dr Sample From Mars/Bass/Overdrive Bass.xpm,Keygroup,gzip-json,pass,12,production,pass,,untested,,,
Programs/Keygroups/Samples From Mars/Dr Sample From Mars/Bass/Rhodes Bass.xpm,Keygroup,gzip-json,pass,13,production,pass,,untested,,,
Programs/Keygroups/Samples From Mars/Dr Sample From Mars/Bass/Sub Bass.xpm,Keygroup,gzip-json,pass,12,production,pass,,untested,,,
Programs/Keygroups/Samples From Mars/Dr Sample From Mars/Bass/Synth Bass.xpm,Keygroup,gzip-json,pass,13,production,pass,,untested,,,
Programs/Keygroups/Samples From Mars/Dr Sample From Mars/Bass/Warm Bass.xpm,Keygroup,gzip-json,pass,12,production,pass,,fail,no,candidate:bass,"Hardware mapping fails the normal playing range: after transposing the Key 37 down three octaves, only the right-side D and keys below it trigger; the XPM claims broader note coverage that the MPC does not honor."
Programs/Keygroups/Samples From Mars/Dr Sample From Mars/Guitar/Acoustic Tremolo.xpm,Keygroup,gzip-json,pass,22,production,pass,,untested,,,
Programs/Keygroups/Samples From Mars/Dr Sample From Mars/Guitar/Muted Strat.xpm,Keygroup,gzip-json,pass,25,production,pass,,untested,,,
Programs/Keygroups/Samples From Mars/Dr Sample From Mars/Keys/Organ.xpm,Keygroup,gzip-json,pass,25,production,pass,,untested,,,
Programs/Keygroups/Samples From Mars/Dr Sample From Mars/Keys/Toy Piano.xpm,Keygroup,gzip-json,pass,25,production,pass,,untested,,,
Programs/Keygroups/Samples From Mars/Dr Sample From Mars/Keys/Upright Piano.xpm,Keygroup,gzip-json,pass,41,production,pass,,untested,,,
Programs/Keygroups/Samples From Mars/Dr Sample From Mars/Keys/Whistler.xpm,Keygroup,gzip-json,pass,25,production,pass,,untested,,,
Programs/Keygroups/Samples From Mars/Dr Sample From Mars/Pads/Brass.xpm,Keygroup,gzip-json,pass,25,production,pass,,untested,,,
Programs/Keygroups/Samples From Mars/Dr Sample From Mars/Pads/Mellovox.xpm,Keygroup,gzip-json,pass,20,production,pass,,untested,,,
Programs/Keygroups/Samples From Mars/Dr Sample From Mars/Pads/Prophet Chorus.xpm,Keygroup,gzip-json,pass,18,production,pass,,untested,,,
Programs/Keygroups/Samples From Mars/Dr Sample From Mars/Pads/Strings.xpm,Keygroup,gzip-json,pass,25,production,pass,,untested,,,
Programs/Keygroups/Samples From Mars/Dr Sample From Mars/Pads/Universe.xpm,Keygroup,gzip-json,pass,25,production,pass,,untested,,,
Programs/Keygroups/Samples From Mars/Emulator From Mars/Bass/1990 Bass.xpm,Keygroup,gzip-json,pass,61,production,pass,,untested,,,
Programs/Keygroups/Samples From Mars/Emulator From Mars/Bass/Drive Bass.xpm,Keygroup,gzip-json,pass,61,production,pass,,untested,,,
Programs/Keygroups/Samples From Mars/Emulator From Mars/Bass/Mega Bass.xpm,Keygroup,gzip-json,pass,61,production,pass,,untested,,,
Programs/Keygroups/Samples From Mars/Emulator From Mars/Bass/Prodigy Bass Wobble.xpm,Keygroup,gzip-json,pass,61,production,pass,,untested,,,
Programs/Keygroups/Samples From Mars/Emulator From Mars/Bass/Prodigy Bass.xpm,Keygroup,gzip-json,pass,61,production,pass,,untested,,,
Programs/Keygroups/Samples From Mars/Emulator From Mars/Bass/Round Bass.xpm,Keygroup,gzip-json,pass,61,production,pass,,untested,,,
Programs/Keygroups/Samples From Mars/Emulator From Mars/Bass/Square Bass.xpm,Keygroup,gzip-json,pass,61,production,pass,,untested,,,
Programs/Keygroups/Samples From Mars/Emulator From Mars/Bass/Upright Bass.xpm,Keygroup,gzip-json,pass,61,production,pass,,untested,,,
Programs/Keygroups/Samples From Mars/Emulator From Mars/FX/Dive FX 1.xpm,Keygroup,gzip-json,pass,61,production,pass,,untested,,,
Programs/Keygroups/Samples From Mars/Emulator From Mars/FX/Dive FX 2.xpm,Keygroup,gzip-json,pass,61,production,pass,,untested,,,
Programs/Keygroups/Samples From Mars/Emulator From Mars/Keys/Classic Piano.xpm,Keygroup,gzip-json,pass,61,production,pass,,untested,,,
Programs/Keygroups/Samples From Mars/Emulator From Mars/Keys/Drift Keys.xpm,Keygroup,gzip-json,pass,49,production,pass,,untested,,,
Programs/Keygroups/Samples From Mars/Emulator From Mars/Keys/Ghost Keys.xpm,Keygroup,gzip-json,pass,61,production,pass,,untested,,,
Programs/Keygroups/Samples From Mars/Emulator From Mars/Keys/Lullaby.xpm,Keygroup,gzip-json,pass,61,production,pass,,untested,,,
Programs/Keygroups/Samples From Mars/Emulator From Mars/Keys/Optimistic.xpm,Keygroup,gzip-json,pass,57,production,pass,,untested,,,
Programs/Keygroups/Samples From Mars/Emulator From Mars/Leads/Bots.xpm,Keygroup,gzip-json,pass,70,production,pass,,untested,,,
Programs/Keygroups/Samples From Mars/Emulator From Mars/Leads/Dark FM.xpm,Keygroup,gzip-json,pass,61,production,pass,,pass,yes,lead,"Plays successfully on the Key 37 and is selected for the dedicated Scratchpad Lead track."
Programs/Keygroups/Samples From Mars/Emulator From Mars/Leads/Drippy.xpm,Keygroup,gzip-json,pass,34,production,pass,,untested,,,
Programs/Keygroups/Samples From Mars/Emulator From Mars/Leads/Loony Bin.xpm,Keygroup,gzip-json,pass,60,production,pass,,untested,,,
Programs/Keygroups/Samples From Mars/Emulator From Mars/Leads/Machinas.xpm,Keygroup,gzip-json,pass,61,production,pass,,untested,,,
Programs/Keygroups/Samples From Mars/Emulator From Mars/Leads/Muted Guitar.xpm,Keygroup,gzip-json,pass,53,production,pass,,pass,provisional,candidate:lead/pad,"Plays successfully on the Key 37 and is liked as an additional lead option."
Programs/Keygroups/Samples From Mars/Emulator From Mars/Orchestral/Arcane Strings.xpm,Keygroup,gzip-json,pass,15,production,pass,,untested,,,
Programs/Keygroups/Samples From Mars/Emulator From Mars/Orchestral/Brass Section.xpm,Keygroup,gzip-json,pass,62,production,pass,,untested,,,
Programs/Keygroups/Samples From Mars/Emulator From Mars/Orchestral/Smooth Strings.xpm,Keygroup,gzip-json,pass,61,production,pass,,untested,,,
Programs/Keygroups/Samples From Mars/Emulator From Mars/Orchestral/Various Orch.xpm,Keygroup,gzip-json,pass,61,production,pass,,untested,,,
Programs/Keygroups/Samples From Mars/Emulator From Mars/Orchestral/Weird Orchestra.xpm,Keygroup,gzip-json,pass,61,production,pass,,untested,,,
Programs/Keygroups/Samples From Mars/Emulator From Mars/Pads/Angel Pad.xpm,Keygroup,gzip-json,pass,61,production,pass,,untested,,,
Programs/Keygroups/Samples From Mars/Emulator From Mars/Pads/Dirty Circuit.xpm,Keygroup,gzip-json,pass,61,production,pass,,untested,,,
Programs/Keygroups/Samples From Mars/Emulator From Mars/Pads/Pillow Pad.xpm,Keygroup,gzip-json,pass,62,production,pass,,untested,,,
Programs/Keygroups/Samples From Mars/Emulator From Mars/Pads/Resonant Glass.xpm,Keygroup,gzip-json,pass,61,production,pass,,untested,,,
Programs/Keygroups/Samples From Mars/Emulator From Mars/Pads/Ultimate.xpm,Keygroup,gzip-json,pass,61,production,pass,,warn,,candidate:lead/pad,"Eventually loads and works on the Key 37, but loading is slow enough to appear hung; allow extra time before retrying or power-cycling."
Programs/Keygroups/Samples From Mars/Emulator From Mars/Vocal/Breathy.xpm,Keygroup,gzip-json,pass,48,production,pass,,untested,,,
Programs/Keygroups/Samples From Mars/Emulator From Mars/Vocal/Choir.xpm,Keygroup,gzip-json,pass,61,production,pass,,untested,,,
Programs/Keygroups/Samples From Mars/Emulator From Mars/Vocal/Duet.xpm,Keygroup,gzip-json,pass,61,production,pass,,untested,,,
Programs/Keygroups/Samples From Mars/Junos From Mars/Bass/Acid Bass.xpm,Keygroup,gzip-json,pass,109,production,pass,,untested,,,
Programs/Keygroups/Samples From Mars/Junos From Mars/Bass/Dusty Pluck.xpm,Keygroup,gzip-json,pass,109,production,pass,,untested,,,
Programs/Keygroups/Samples From Mars/Junos From Mars/Bass/Funk Bass.xpm,Keygroup,gzip-json,pass,88,production,pass,,untested,,,
Programs/Keygroups/Samples From Mars/Junos From Mars/Bass/Funky Bass.xpm,Keygroup,gzip-json,pass,88,production,pass,,untested,,,
Programs/Keygroups/Samples From Mars/Junos From Mars/Bass/Grit Bass.xpm,Keygroup,gzip-json,pass,109,production,pass,,untested,,,
Programs/Keygroups/Samples From Mars/Junos From Mars/Bass/Sub Only.xpm,Keygroup,gzip-json,pass,109,production,pass,,untested,,,
Programs/Keygroups/Samples From Mars/Junos From Mars/Bass/Sub Smash.xpm,Keygroup,gzip-json,pass,109,production,pass,,untested,,,
Programs/Keygroups/Samples From Mars/Junos From Mars/Bass/Sub Smooth.xpm,Keygroup,gzip-json,pass,109,production,pass,,pass,yes,bass pad,"Auditioned successfully on the Key 37 and selected for the dedicated Scratchpad Bass Pad track."
Programs/Keygroups/Samples From Mars/Junos From Mars/Bass/Thumper.xpm,Keygroup,gzip-json,pass,88,production,pass,,untested,,,
Programs/Keygroups/Samples From Mars/Junos From Mars/Leads/Clarinet.xpm,Keygroup,gzip-json,pass,88,production,pass,,untested,,,
Programs/Keygroups/Samples From Mars/Junos From Mars/Leads/PWM Chorus.xpm,Keygroup,gzip-json,pass,88,production,pass,,untested,,,
Programs/Keygroups/Samples From Mars/Junos From Mars/Leads/PWM.xpm,Keygroup,gzip-json,pass,88,production,pass,,untested,,,
Programs/Keygroups/Samples From Mars/Junos From Mars/Leads/Triple Play.xpm,Keygroup,gzip-json,pass,44,production,pass,,untested,,,
Programs/Keygroups/Samples From Mars/Kawaii Dreams From Mars/Keys/Air Bass.xpm,Keygroup,gzip-json,pass,81,production,pass,,untested,,,
Programs/Keygroups/Samples From Mars/Kawaii Dreams From Mars/Keys/Drops.xpm,Keygroup,gzip-json,pass,81,production,pass,,untested,,,
Programs/Keygroups/Samples From Mars/Kawaii Dreams From Mars/Keys/Hologram.xpm,Keygroup,gzip-json,pass,65,production,pass,,untested,,,
Programs/Keygroups/Samples From Mars/Kawaii Dreams From Mars/Keys/Jazz Harp.xpm,Keygroup,gzip-json,pass,81,production,pass,,untested,,,
Programs/Keygroups/Samples From Mars/Kawaii Dreams From Mars/Keys/Randroid.xpm,Keygroup,gzip-json,pass,78,production,pass,,untested,,,
Programs/Keygroups/Samples From Mars/Kawaii Dreams From Mars/Organs/Indie Organ.xpm,Keygroup,gzip-json,pass,80,production,pass,,untested,,,
Programs/Keygroups/Samples From Mars/Kawaii Dreams From Mars/Organs/Leslie.xpm,Keygroup,gzip-json,pass,81,production,pass,,untested,,,
Programs/Keygroups/Samples From Mars/Kawaii Dreams From Mars/Pads/Analog Strings.xpm,Keygroup,gzip-json,pass,21,production,pass,,untested,,,
Programs/Keygroups/Samples From Mars/Kawaii Dreams From Mars/Pads/Glass Howl.xpm,Keygroup,gzip-json,pass,79,production,pass,,pass,yes,pad,"Plays successfully on the Key 37 and is selected for the dedicated Scratchpad Pad track."
Programs/Keygroups/Samples From Mars/Kawaii Dreams From Mars/Pads/Warm Strings.xpm,Keygroup,gzip-json,pass,21,production,pass,,untested,,,
Programs/Keygroups/Samples From Mars/Kawaii Dreams From Mars/Voices/Bell Air.xpm,Keygroup,gzip-json,pass,64,production,pass,,untested,,,
Programs/Keygroups/Samples From Mars/Kawaii Dreams From Mars/Voices/Hello.xpm,Keygroup,gzip-json,pass,69,production,pass,,untested,,,
Programs/Keygroups/Samples From Mars/Kawaii Dreams From Mars/Voices/Return Home.xpm,Keygroup,gzip-json,pass,14,production,pass,,untested,,,
Programs/Keygroups/Samples From Mars/Kawaii Dreams From Mars/Voices/Voices.xpm,Keygroup,gzip-json,pass,77,production,pass,,untested,,,
Programs/Keygroups/Samples From Mars/MS10 From Mars/Basics/3PulseWaves.xpm,Keygroup,gzip-json,pass,264,production,pass,,untested,,,
Programs/Keygroups/Samples From Mars/MS10 From Mars/Basics/MultiPulseMod.xpm,Keygroup,gzip-json,pass,228,production,pass,,untested,,,
Programs/Keygroups/Samples From Mars/MS10 From Mars/Basics/PulseEGMod.xpm,Keygroup,gzip-json,pass,88,production,pass,,untested,,,
Programs/Keygroups/Samples From Mars/MS10 From Mars/Basics/Sawtooth.xpm,Keygroup,gzip-json,pass,88,production,pass,,untested,,,
Programs/Keygroups/Samples From Mars/MS10 From Mars/Basics/SweeterPushin.xpm,Keygroup,gzip-json,pass,25,production,pass,,untested,,,
Programs/Keygroups/Samples From Mars/MS10 From Mars/Basics/Triangle.xpm,Keygroup,gzip-json,pass,89,production,pass,,untested,,,
Programs/Keygroups/Samples From Mars/MS10 From Mars/FX/LA1991.xpm,Keygroup,gzip-json,pass,67,production,pass,,untested,,,
Programs/Keygroups/Samples From Mars/MS10 From Mars/FX/PoorMansSeq.xpm,Keygroup,gzip-json,pass,68,production,pass,,untested,,,
Programs/Keygroups/Samples From Mars/MS10 From Mars/FX/UpSlide.xpm,Keygroup,gzip-json,pass,55,production,pass,,untested,,,
Programs/Keygroups/Samples From Mars/MS10 From Mars/Leads/ChillingGhosts.xpm,Keygroup,gzip-json,pass,143,production,pass,,untested,,,
Programs/Keygroups/Samples From Mars/MS10 From Mars/Leads/MrPink.xpm,Keygroup,gzip-json,pass,68,production,pass,,untested,,,
Programs/Keygroups/Samples From Mars/MS10 From Mars/Leads/PartialEuro.xpm,Keygroup,gzip-json,pass,32,production,pass,,untested,,,
Programs/Keygroups/Samples From Mars/MS10 From Mars/One Hits/1Shot.xpm,Keygroup,gzip-json,pass,73,production,pass,,untested,,,
Programs/Keygroups/Samples From Mars/MS10 From Mars/One Hits/MsDub.xpm,Keygroup,gzip-json,pass,80,production,pass,,untested,,,
Programs/Keygroups/Samples From Mars/Micro From Mars/Synths/MicroMoog 1.xpm,Keygroup,gzip-json,pass,61,production,pass,,untested,,,
Programs/Keygroups/Samples From Mars/Micro From Mars/Synths/MicroMoog 10.xpm,Keygroup,gzip-json,pass,49,production,pass,,untested,,,
Programs/Keygroups/Samples From Mars/Micro From Mars/Synths/MicroMoog 11.xpm,Keygroup,gzip-json,pass,54,production,pass,,untested,,,
Programs/Keygroups/Samples From Mars/Micro From Mars/Synths/MicroMoog 12.xpm,Keygroup,gzip-json,pass,49,production,pass,,untested,,,
Programs/Keygroups/Samples From Mars/Micro From Mars/Synths/MicroMoog 13.xpm,Keygroup,gzip-json,pass,70,production,pass,,untested,,,
Programs/Keygroups/Samples From Mars/Micro From Mars/Synths/MicroMoog 14.xpm,Keygroup,gzip-json,pass,36,production,pass,,untested,,,
Programs/Keygroups/Samples From Mars/Micro From Mars/Synths/MicroMoog 15.xpm,Keygroup,gzip-json,pass,61,production,pass,,untested,,,
Programs/Keygroups/Samples From Mars/Micro From Mars/Synths/MicroMoog 16.xpm,Keygroup,gzip-json,pass,61,production,pass,,untested,,,
Programs/Keygroups/Samples From Mars/Micro From Mars/Synths/MicroMoog 17.xpm,Keygroup,gzip-json,pass,67,production,pass,,untested,,,
Programs/Keygroups/Samples From Mars/Micro From Mars/Synths/MicroMoog 18.xpm,Keygroup,gzip-json,pass,68,production,pass,,untested,,,
Programs/Keygroups/Samples From Mars/Micro From Mars/Synths/MicroMoog 19.xpm,Keygroup,gzip-json,pass,68,production,pass,,untested,,,
Programs/Keygroups/Samples From Mars/Micro From Mars/Synths/MicroMoog 2.xpm,Keygroup,gzip-json,pass,73,production,pass,,untested,,,
Programs/Keygroups/Samples From Mars/Micro From Mars/Synths/MicroMoog 20.xpm,Keygroup,gzip-json,pass,61,production,pass,,untested,,,
Programs/Keygroups/Samples From Mars/Micro From Mars/Synths/MicroMoog 21.xpm,Keygroup,gzip-json,pass,24,production,pass,,untested,,,
Programs/Keygroups/Samples From Mars/Micro From Mars/Synths/MicroMoog 22.xpm,Keygroup,gzip-json,pass,54,production,pass,,untested,,,
Programs/Keygroups/Samples From Mars/Micro From Mars/Synths/MicroMoog 23.xpm,Keygroup,gzip-json,pass,73,production,pass,,untested,,,
Programs/Keygroups/Samples From Mars/Micro From Mars/Synths/MicroMoog 24.xpm,Keygroup,gzip-json,pass,61,production,pass,,untested,,,
Programs/Keygroups/Samples From Mars/Micro From Mars/Synths/MicroMoog 25.xpm,Keygroup,gzip-json,pass,78,production,pass,,untested,,,
Programs/Keygroups/Samples From Mars/Micro From Mars/Synths/MicroMoog 26.xpm,Keygroup,gzip-json,pass,73,production,pass,,untested,,,
Programs/Keygroups/Samples From Mars/Micro From Mars/Synths/MicroMoog 27.xpm,Keygroup,gzip-json,pass,69,production,pass,,untested,,,
Programs/Keygroups/Samples From Mars/Micro From Mars/Synths/MicroMoog 3.xpm,Keygroup,gzip-json,pass,69,production,pass,,untested,,,
Programs/Keygroups/Samples From Mars/Micro From Mars/Synths/MicroMoog 4.xpm,Keygroup,gzip-json,pass,68,production,pass,,untested,,,
Programs/Keygroups/Samples From Mars/Micro From Mars/Synths/MicroMoog 5.xpm,Keygroup,gzip-json,pass,61,production,pass,,untested,,,
Programs/Keygroups/Samples From Mars/Micro From Mars/Synths/MicroMoog 6.xpm,Keygroup,gzip-json,pass,53,production,pass,,untested,,,
Programs/Keygroups/Samples From Mars/Micro From Mars/Synths/MicroMoog 7.xpm,Keygroup,gzip-json,pass,56,production,pass,,untested,,,
Programs/Keygroups/Samples From Mars/Micro From Mars/Synths/MicroMoog 8.xpm,Keygroup,gzip-json,pass,49,production,pass,,untested,,,
Programs/Keygroups/Samples From Mars/Micro From Mars/Synths/MicroMoog 9.xpm,Keygroup,gzip-json,pass,49,production,pass,,untested,,,
Programs/Keygroups/Samples From Mars/Mini From Mars/Bass/Authority.xpm,Keygroup,gzip-json,pass,85,production,pass,,untested,,,
Programs/Keygroups/Samples From Mars/Mini From Mars/Bass/Basic Triangle.xpm,Keygroup,gzip-json,pass,85,production,pass,,untested,,,
Programs/Keygroups/Samples From Mars/Mini From Mars/Bass/Dystopia Bass.xpm,Keygroup,gzip-json,pass,97,production,pass,,untested,,,
Programs/Keygroups/Samples From Mars/Mini From Mars/Bass/Grand Square.xpm,Keygroup,gzip-json,pass,85,production,pass,,untested,,,
Programs/Keygroups/Samples From Mars/Mini From Mars/Bass/Mama Bass.xpm,Keygroup,gzip-json,pass,97,production,pass,,untested,,,
Programs/Keygroups/Samples From Mars/Mini From Mars/Bass/Straight Saw.xpm,Keygroup,gzip-json,pass,85,production,pass,,untested,,,
Programs/Keygroups/Samples From Mars/Mini From Mars/FX/Octave Jumper.xpm,Keygroup,gzip-json,pass,109,production,pass,,untested,,,
Programs/Keygroups/Samples From Mars/Mini From Mars/FX/Sea Sick.xpm,Keygroup,gzip-json,pass,97,production,pass,,untested,,,
Programs/Keygroups/Samples From Mars/Mini From Mars/Keys & Poly/Combo Organ.xpm,Keygroup,gzip-json,pass,109,production,pass,,untested,,,
Programs/Keygroups/Samples From Mars/Mini From Mars/Keys & Poly/Creamy Poly.xpm,Keygroup,gzip-json,pass,85,production,pass,,untested,,,
Programs/Keygroups/Samples From Mars/Mini From Mars/Keys & Poly/Dippin Rez Octave.xpm,Keygroup,gzip-json,pass,97,production,pass,,untested,,,
Programs/Keygroups/Samples From Mars/Mini From Mars/Keys & Poly/Easy Wave.xpm,Keygroup,gzip-json,pass,109,production,pass,,untested,,,
Programs/Keygroups/Samples From Mars/Mini From Mars/Keys & Poly/Fat N Creamy Split.xpm,Keygroup,gzip-json,pass,97,production,pass,,untested,,,
Programs/Keygroups/Samples From Mars/Mini From Mars/Keys & Poly/Hairy Dog.xpm,Keygroup,gzip-json,pass,109,production,pass,,untested,,,
Programs/Keygroups/Samples From Mars/Mini From Mars/Keys & Poly/Harmonium.xpm,Keygroup,gzip-json,pass,85,production,pass,,untested,,,
Programs/Keygroups/Samples From Mars/Mini From Mars/Keys & Poly/Loose Unit.xpm,Keygroup,gzip-json,pass,73,production,pass,,untested,,,
Programs/Keygroups/Samples From Mars/Mini From Mars/Keys & Poly/Magic Spell.xpm,Keygroup,gzip-json,pass,109,production,pass,,untested,,,
Programs/Keygroups/Samples From Mars/Mini From Mars/Leads/Electricity Tear.xpm,Keygroup,gzip-json,pass,97,production,pass,,untested,,,
Programs/Keygroups/Samples From Mars/Mini From Mars/Leads/Hyper Future.xpm,Keygroup,gzip-json,pass,97,production,pass,,untested,,,
Programs/Keygroups/Samples From Mars/Mini From Mars/Leads/Perky Noise Saw.xpm,Keygroup,gzip-json,pass,85,production,pass,,untested,,,
Programs/Keygroups/Samples From Mars/Mini From Mars/Leads/Ring Mod Bells.xpm,Keygroup,gzip-json,pass,85,production,pass,,untested,,,
Programs/Keygroups/Samples From Mars/Mini From Mars/Leads/Sharp Lead.xpm,Keygroup,gzip-json,pass,97,production,pass,,untested,,,
Programs/Keygroups/Samples From Mars/Mini From Mars/Leads/Sonic Destruction.xpm,Keygroup,gzip-json,pass,97,production,pass,,untested,,,
Programs/Keygroups/Samples From Mars/Mirage From Mars/Bass/Fuzz Bass.xpm,Keygroup,gzip-json,pass,71,production,pass,,untested,,,
Programs/Keygroups/Samples From Mars/Mirage From Mars/Bass/Melodic Bass.xpm,Keygroup,gzip-json,pass,73,production,pass,,untested,,,
Programs/Keygroups/Samples From Mars/Mirage From Mars/Bass/Pluck Bass.xpm,Keygroup,gzip-json,pass,73,production,pass,,pass,yes,bass,Plays correctly on the Key 37 and is selected as the primary Scratchpad bass.
Programs/Keygroups/Samples From Mars/Mirage From Mars/Bass/Upright Bass.xpm,Keygroup,gzip-json,pass,73,production,pass,,pass,provisional,candidate:bass,"Plays successfully on the Key 37 and is strongly liked for its breathy noise and vinyl-like character, but Pluck Bass remains the primary bass."
Programs/Keygroups/Samples From Mars/Mirage From Mars/Guitar/Acoustic Guitar Chorus.xpm,Keygroup,gzip-json,pass,73,production,pass,,untested,,,
Programs/Keygroups/Samples From Mars/Mirage From Mars/Guitar/Acoustic Guitar.xpm,Keygroup,gzip-json,pass,73,production,pass,,untested,,,
Programs/Keygroups/Samples From Mars/Mirage From Mars/Guitar/Distorted Guitar.xpm,Keygroup,gzip-json,pass,73,production,pass,,untested,,,
Programs/Keygroups/Samples From Mars/Mirage From Mars/Guitar/Guitar E Piano.xpm,Keygroup,gzip-json,pass,68,production,pass,,untested,,,
Programs/Keygroups/Samples From Mars/Mirage From Mars/Guitar/Pluck Guitar.xpm,Keygroup,gzip-json,pass,73,production,pass,,untested,,,
Programs/Keygroups/Samples From Mars/Mirage From Mars/Guitar/Warp Guitar.xpm,Keygroup,gzip-json,pass,73,production,pass,,untested,,,
Programs/Keygroups/Samples From Mars/Mirage From Mars/Keys/Artifact Piano.xpm,Keygroup,gzip-json,pass,73,production,pass,,untested,,,
Programs/Keygroups/Samples From Mars/Mirage From Mars/Keys/Attack Piano.xpm,Keygroup,gzip-json,pass,73,production,pass,,untested,,,
Programs/Keygroups/Samples From Mars/Mirage From Mars/Keys/Celeste.xpm,Keygroup,gzip-json,pass,73,production,pass,,untested,,,
Programs/Keygroups/Samples From Mars/Mirage From Mars/Keys/Dark Piano.xpm,Keygroup,gzip-json,pass,72,production,pass,,pass,provisional,candidate:keys,Plays correctly on the Key 37 and sounds great; retained as a provisional keys alternative behind Mirage Wurli.
Programs/Keygroups/Samples From Mars/Mirage From Mars/Keys/E Piano.xpm,Keygroup,gzip-json,pass,73,production,pass,,untested,,,
Programs/Keygroups/Samples From Mars/Mirage From Mars/Keys/Wurli.xpm,Keygroup,gzip-json,pass,73,production,pass,,pass,yes,keys,Plays correctly on the Key 37 and ranked number one for the Scratchpad keys role.
Programs/Keygroups/Samples From Mars/Mirage From Mars/Orchestral/Clarinet.xpm,Keygroup,gzip-json,pass,73,production,pass,,untested,,,
Programs/Keygroups/Samples From Mars/Mirage From Mars/Orchestral/Flute.xpm,Keygroup,gzip-json,pass,73,production,pass,,untested,,,
Programs/Keygroups/Samples From Mars/Mirage From Mars/Orchestral/Persian Trumpet.xpm,Keygroup,gzip-json,pass,73,production,pass,,untested,,,
Programs/Keygroups/Samples From Mars/Mirage From Mars/Orchestral/String Quartet.xpm,Keygroup,gzip-json,pass,72,production,pass,,untested,,,
Programs/Keygroups/Samples From Mars/Mirage From Mars/Orchestral/Trombone Pad.xpm,Keygroup,gzip-json,pass,72,production,pass,,untested,,,
Programs/Keygroups/Samples From Mars/Mirage From Mars/Orchestral/Violin.xpm,Keygroup,gzip-json,pass,73,production,pass,,untested,,,
Programs/Keygroups/Samples From Mars/Mirage From Mars/Synth/Broken Brass.xpm,Keygroup,gzip-json,pass,73,production,pass,,untested,,,
Programs/Keygroups/Samples From Mars/Mirage From Mars/Synth/Chord Explosion.xpm,Keygroup,gzip-json,pass,73,production,pass,,untested,,,
Programs/Keygroups/Samples From Mars/Mirage From Mars/Synth/Electric Strings.xpm,Keygroup,gzip-json,pass,68,production,pass,,untested,,,
Programs/Keygroups/Samples From Mars/Mirage From Mars/Synth/Fog Synth.xpm,Keygroup,gzip-json,pass,73,production,pass,,untested,,,
Programs/Keygroups/Samples From Mars/Mirage From Mars/Synth/Jupiter Verb.xpm,Keygroup,gzip-json,pass,69,production,pass,,untested,,,
Programs/Keygroups/Samples From Mars/Mirage From Mars/Synth/Metro Moog.xpm,Keygroup,gzip-json,pass,73,production,pass,,untested,,,
Programs/Keygroups/Samples From Mars/Mirage From Mars/Synth/Sine.xpm,Keygroup,gzip-json,pass,73,production,pass,,untested,,,
Programs/Keygroups/Samples From Mars/Mirage From Mars/Synth/Static Sub.xpm,Keygroup,gzip-json,pass,73,production,pass,,untested,,,
Programs/Keygroups/Samples From Mars/Mirage From Mars/Synth/Stutter Bass.xpm,Keygroup,gzip-json,pass,73,production,pass,,untested,,,
Programs/Keygroups/Samples From Mars/Mirage From Mars/Vox/Breath Vox.xpm,Keygroup,gzip-json,pass,73,production,pass,,untested,,,
Programs/Keygroups/Samples From Mars/Mirage From Mars/Vox/Choir.xpm,Keygroup,gzip-json,pass,73,production,pass,,untested,,,
Programs/Keygroups/Samples From Mars/Mirage From Mars/Vox/Dark Vox.xpm,Keygroup,gzip-json,pass,73,production,pass,,untested,,,
Programs/Keygroups/Samples From Mars/OB From Mars/Bass/101 Bases.xpm,Keygroup,gzip-json,pass,85,production,pass,,untested,,,
Programs/Keygroups/Samples From Mars/OB From Mars/Bass/Afternoon Raver.xpm,Keygroup,gzip-json,pass,85,production,pass,,untested,,,
Programs/Keygroups/Samples From Mars/OB From Mars/Bass/Berlin Glide.xpm,Keygroup,gzip-json,pass,85,production,pass,,untested,,,
Programs/Keygroups/Samples From Mars/OB From Mars/Bass/Classic Sub.xpm,Keygroup,gzip-json,pass,85,production,pass,,untested,,,
Programs/Keygroups/Samples From Mars/OB From Mars/Bass/Echo Bass.xpm,Keygroup,gzip-json,pass,85,production,pass,,untested,,,
Programs/Keygroups/Samples From Mars/OB From Mars/Bass/Electricity Bass.xpm,Keygroup,gzip-json,pass,85,production,pass,,untested,,,
Programs/Keygroups/Samples From Mars/OB From Mars/Bass/Medium Muff.xpm,Keygroup,gzip-json,pass,255,production,pass,,untested,,,
Programs/Keygroups/Samples From Mars/OB From Mars/Bass/Sleaze Bass.xpm,Keygroup,gzip-json,pass,85,production,pass,,untested,,,
Programs/Keygroups/Samples From Mars/OB From Mars/Bass/Tom Sawyer Bass.xpm,Keygroup,gzip-json,pass,85,production,pass,,untested,,,
Programs/Keygroups/Samples From Mars/OB From Mars/Brass & Woodwinds/Clarinet.xpm,Keygroup,gzip-json,pass,85,production,pass,,untested,,,
Programs/Keygroups/Samples From Mars/OB From Mars/Brass & Woodwinds/Hard Trumpet.xpm,Keygroup,gzip-json,pass,85,production,pass,,untested,,,
Programs/Keygroups/Samples From Mars/OB From Mars/Brass & Woodwinds/Retro Flute.xpm,Keygroup,gzip-json,pass,84,production,pass,,untested,,,
Programs/Keygroups/Samples From Mars/OB From Mars/FX/Dont Answer That.xpm,Keygroup,gzip-json,pass,85,production,pass,,untested,,,
Programs/Keygroups/Samples From Mars/OB From Mars/FX/Evil Butterflies.xpm,Keygroup,gzip-json,pass,61,production,pass,,untested,,,
Programs/Keygroups/Samples From Mars/OB From Mars/FX/Horror Movie.xpm,Keygroup,gzip-json,pass,85,production,pass,,untested,,,
Programs/Keygroups/Samples From Mars/OB From Mars/FX/Polizei.xpm,Keygroup,gzip-json,pass,85,production,pass,,untested,,,
Programs/Keygroups/Samples From Mars/OB From Mars/FX/Rave Go Down.xpm,Keygroup,gzip-json,pass,73,production,pass,,untested,,,
Programs/Keygroups/Samples From Mars/OB From Mars/FX/Rave Go Up.xpm,Keygroup,gzip-json,pass,73,production,pass,,untested,,,
Programs/Keygroups/Samples From Mars/OB From Mars/FX/Wasp Factory.xpm,Keygroup,gzip-json,pass,85,production,pass,,untested,,,
Programs/Keygroups/Samples From Mars/OB From Mars/FX/Wooden Click.xpm,Keygroup,gzip-json,pass,170,production,pass,,untested,,,
Programs/Keygroups/Samples From Mars/OB From Mars/Keys/AM Funk.xpm,Keygroup,gzip-json,pass,85,production,pass,,untested,,,
Programs/Keygroups/Samples From Mars/OB From Mars/Keys/Classic 5ths.xpm,Keygroup,gzip-json,pass,85,production,pass,,untested,,,
Programs/Keygroups/Samples From Mars/OB From Mars/Keys/Clav Funk.xpm,Keygroup,gzip-json,pass,85,production,pass,,untested,,,
Programs/Keygroups/Samples From Mars/OB From Mars/Keys/Harp INC.xpm,Keygroup,gzip-json,pass,85,production,pass,,untested,,,
Programs/Keygroups/Samples From Mars/OB From Mars/Keys/Mellow Mallet.xpm,Keygroup,gzip-json,pass,255,production,pass,,untested,,,
Programs/Keygroups/Samples From Mars/OB From Mars/Keys/Movement Keys.xpm,Keygroup,gzip-json,pass,85,production,pass,,untested,,,
Programs/Keygroups/Samples From Mars/OB From Mars/Keys/Warble Chords.xpm,Keygroup,gzip-json,pass,85,production,pass,,untested,,,
Programs/Keygroups/Samples From Mars/OB From Mars/Keys/Warm Keys.xpm,Keygroup,gzip-json,pass,85,production,pass,,pass,provisional,candidate:keys,Plays correctly on the Key 37 and sounds great; retained as a provisional warm-keys alternative behind Mirage Wurli.
Programs/Keygroups/Samples From Mars/OB From Mars/Leads/Black Star Saw.xpm,Keygroup,gzip-json,pass,85,production,pass,,untested,,,
Programs/Keygroups/Samples From Mars/OB From Mars/Leads/Black Star Tri.xpm,Keygroup,gzip-json,pass,85,production,pass,,untested,,,
Programs/Keygroups/Samples From Mars/OB From Mars/Leads/Metallic Dreams.xpm,Keygroup,gzip-json,pass,85,production,pass,,untested,,,
Programs/Keygroups/Samples From Mars/OB From Mars/Leads/Psycho Leslie.xpm,Keygroup,gzip-json,pass,85,production,pass,,untested,,,
Programs/Keygroups/Samples From Mars/OB From Mars/Leads/Trill Lead.xpm,Keygroup,gzip-json,pass,170,production,pass,,untested,,,
Programs/Keygroups/Samples From Mars/OB From Mars/Leads/Tube Man.xpm,Keygroup,gzip-json,pass,170,production,pass,,untested,,,
Programs/Keygroups/Samples From Mars/OB From Mars/Organs/King Jimmy.xpm,Keygroup,gzip-json,pass,85,production,pass,,untested,,,
Programs/Keygroups/Samples From Mars/OB From Mars/Organs/Pagan Church Organ.xpm,Keygroup,gzip-json,pass,85,production,pass,,untested,,,
Programs/Keygroups/Samples From Mars/OB From Mars/Organs/Tremolo Organ.xpm,Keygroup,gzip-json,pass,85,production,pass,,untested,,,
Programs/Keygroups/Samples From Mars/OB From Mars/Strings/Halen Strings.xpm,Keygroup,gzip-json,pass,85,production,pass,,untested,,,
Programs/Keygroups/Samples From Mars/OB From Mars/Strings/Murder She Wrote.xpm,Keygroup,gzip-json,pass,85,production,pass,,untested,,,
Programs/Keygroups/Samples From Mars/OB From Mars/Strings/String Theory.xpm,Keygroup,gzip-json,pass,85,production,pass,,untested,,,
Programs/Keygroups/Samples From Mars/S612 From Mars/Bass & Guitar/E Bass 1.xpm,Keygroup,gzip-json,pass,52,production,pass,,untested,,,
Programs/Keygroups/Samples From Mars/S612 From Mars/Bass & Guitar/E Bass 2.xpm,Keygroup,gzip-json,pass,49,production,pass,,untested,,,
Programs/Keygroups/Samples From Mars/S612 From Mars/Bass & Guitar/Palms Bass.xpm,Keygroup,gzip-json,pass,58,production,pass,,untested,,,
Programs/Keygroups/Samples From Mars/S612 From Mars/Bass & Guitar/Standup Bass.xpm,Keygroup,gzip-json,pass,53,production,pass,,untested,,,
Programs/Keygroups/Samples From Mars/S612 From Mars/Bass & Guitar/Stratos Guitar.xpm,Keygroup,gzip-json,pass,61,production,pass,,untested,,,
Programs/Keygroups/Samples From Mars/S612 From Mars/Bass & Guitar/Synth Guitar.xpm,Keygroup,gzip-json,pass,49,production,pass,,untested,,,
Programs/Keygroups/Samples From Mars/S612 From Mars/Bass & Guitar/Troubled Mario.xpm,Keygroup,gzip-json,pass,57,production,pass,,untested,,,
Programs/Keygroups/Samples From Mars/S612 From Mars/FX/African BD.xpm,Keygroup,gzip-json,pass,60,production,pass,,untested,,,
Programs/Keygroups/Samples From Mars/S612 From Mars/FX/Helpless Dogs.xpm,Keygroup,gzip-json,pass,49,production,pass,,untested,,,
Programs/Keygroups/Samples From Mars/S612 From Mars/FX/Industrial Krunk.xpm,Keygroup,gzip-json,pass,61,production,pass,,untested,,,
Programs/Keygroups/Samples From Mars/S612 From Mars/FX/Moving Drum.xpm,Keygroup,gzip-json,pass,61,production,pass,,untested,,,
Programs/Keygroups/Samples From Mars/S612 From Mars/FX/Munchies.xpm,Keygroup,gzip-json,pass,61,production,pass,,untested,,,
Programs/Keygroups/Samples From Mars/S612 From Mars/FX/Space Clerb.xpm,Keygroup,gzip-json,pass,61,production,pass,,untested,,,
Programs/Keygroups/Samples From Mars/S612 From Mars/FX/Tiny Player.xpm,Keygroup,gzip-json,pass,55,production,pass,,untested,,,
Programs/Keygroups/Samples From Mars/S612 From Mars/Glitch Leads/Ambient Pad.xpm,Keygroup,gzip-json,pass,61,production,pass,,untested,,,
Programs/Keygroups/Samples From Mars/S612 From Mars/Glitch Leads/Barcelona.xpm,Keygroup,gzip-json,pass,60,production,pass,,untested,,,
Programs/Keygroups/Samples From Mars/S612 From Mars/Glitch Leads/Chick N Swell.xpm,Keygroup,gzip-json,pass,49,production,pass,,untested,,,
Programs/Keygroups/Samples From Mars/S612 From Mars/Glitch Leads/Classic Ahhs.xpm,Keygroup,gzip-json,pass,49,production,pass,,untested,,,
Programs/Keygroups/Samples From Mars/S612 From Mars/Glitch Leads/Eastern Bell.xpm,Keygroup,gzip-json,pass,60,production,pass,,untested,,,
Programs/Keygroups/Samples From Mars/S612 From Mars/Glitch Leads/Factory Pad.xpm,Keygroup,gzip-json,pass,61,production,pass,,untested,,,
Programs/Keygroups/Samples From Mars/S612 From Mars/Glitch Leads/Haunted House.xpm,Keygroup,gzip-json,pass,61,production,pass,,untested,,,
Programs/Keygroups/Samples From Mars/S612 From Mars/Glitch Leads/Vox Choir.xpm,Keygroup,gzip-json,pass,48,production,pass,,untested,,,
Programs/Keygroups/Samples From Mars/S612 From Mars/Rhodes & Clav/Bell Rhodes.xpm,Keygroup,gzip-json,pass,55,production,pass,,untested,,,
Programs/Keygroups/Samples From Mars/S612 From Mars/Rhodes & Clav/Funk The Clav.xpm,Keygroup,gzip-json,pass,61,production,pass,,untested,,,
Programs/Keygroups/Samples From Mars/S612 From Mars/Rhodes & Clav/Sunrise Rhodes.xpm,Keygroup,gzip-json,pass,115,production,pass,,untested,,,
Programs/Keygroups/Samples From Mars/S612 From Mars/Synth Bass/Cat Bass.xpm,Keygroup,gzip-json,pass,61,production,pass,,untested,,,
Programs/Keygroups/Samples From Mars/S612 From Mars/Synth Bass/DX Punch.xpm,Keygroup,gzip-json,pass,61,production,pass,,untested,,,
Programs/Keygroups/Samples From Mars/S612 From Mars/Synth Bass/Fat Cat.xpm,Keygroup,gzip-json,pass,61,production,pass,,untested,,,
Programs/Keygroups/Samples From Mars/S612 From Mars/Synth Bass/Juno Six0.xpm,Keygroup,gzip-json,pass,61,production,pass,,untested,,,
Programs/Keygroups/Samples From Mars/S612 From Mars/Synth Leads/CS Lead.xpm,Keygroup,gzip-json,pass,61,production,pass,,untested,,,
Programs/Keygroups/Samples From Mars/S612 From Mars/Synth Leads/Planetary Cat.xpm,Keygroup,gzip-json,pass,44,production,pass,,untested,,,
Programs/Keygroups/Samples From Mars/S612 From Mars/Synth Leads/PolySix Basic.xpm,Keygroup,gzip-json,pass,61,production,pass,,untested,,,
Programs/Keygroups/Samples From Mars/S612 From Mars/Synth Leads/Rockmore Lead.xpm,Keygroup,gzip-json,pass,60,production,pass,,untested,,,
Programs/Keygroups/Samples From Mars/S612 From Mars/Synth Leads/Tempest Voice.xpm,Keygroup,gzip-json,pass,60,production,pass,,untested,,,
Programs/Keygroups/Samples From Mars/SDS800 From Mars/Bass Chromatic Hi.xpm,Keygroup,gzip-json,pass,16,production,pass,,untested,,,
Programs/Keygroups/Samples From Mars/SDS800 From Mars/Bass Chromatic Lo.xpm,Keygroup,gzip-json,pass,16,production,pass,,untested,,,
Programs/Keygroups/Samples From Mars/SDS800 From Mars/Bass Digital.xpm,Keygroup,gzip-json,pass,41,production,pass,,untested,,,
Programs/Keygroups/Samples From Mars/SDS800 From Mars/Bass Tape A.xpm,Keygroup,gzip-json,pass,13,production,pass,,untested,,,
Programs/Keygroups/Samples From Mars/SDS800 From Mars/Bass Tape B.xpm,Keygroup,gzip-json,pass,13,production,pass,,untested,,,
Programs/Keygroups/Samples From Mars/SDS800 From Mars/Bass Tape C.xpm,Keygroup,gzip-json,pass,13,production,pass,,untested,,,
Programs/Keygroups/Samples From Mars/SDS800 From Mars/Bass Tape D.xpm,Keygroup,gzip-json,pass,13,production,pass,,untested,,,
Programs/Keygroups/Samples From Mars/SDSV From Mars/Kick Tuned Long.xpm,Keygroup,gzip-json,pass,25,production,pass,,untested,,,
Programs/Keygroups/Samples From Mars/SDSV From Mars/Kick Tuned Medium.xpm,Keygroup,gzip-json,pass,25,production,pass,,untested,,,
Programs/Keygroups/Samples From Mars/SDSV From Mars/Kick Tuned Short.xpm,Keygroup,gzip-json,pass,25,production,pass,,untested,,,
Programs/Keygroups/Samples From Mars/SDSV From Mars/Tom Tuned Hi.xpm,Keygroup,gzip-json,pass,40,production,pass,,untested,,,
Programs/Keygroups/Samples From Mars/SDSV From Mars/Tom Tuned Normal.xpm,Keygroup,gzip-json,pass,40,production,pass,,untested,,,
Programs/Keygroups/Samples From Mars/SDSV From Mars/Tom Tuned Saturated.xpm,Keygroup,gzip-json,pass,40,production,pass,,untested,,,
Programs/Keygroups/Samples From Mars/SH5 From Mars/Bass/Band Pass Bass.xpm,Keygroup,gzip-json,pass,97,production,pass,,untested,,,
Programs/Keygroups/Samples From Mars/SH5 From Mars/Bass/Bowed Zap Bass.xpm,Keygroup,gzip-json,pass,121,production,pass,,untested,,,
Programs/Keygroups/Samples From Mars/SH5 From Mars/Bass/Dirty Detuned Ring Mod.xpm,Keygroup,gzip-json,pass,101,production,pass,,untested,,,
Programs/Keygroups/Samples From Mars/SH5 From Mars/Bass/Double Osc Saws.xpm,Keygroup,gzip-json,pass,109,production,pass,,untested,,,
Programs/Keygroups/Samples From Mars/SH5 From Mars/Bass/Exact Pulse.xpm,Keygroup,gzip-json,pass,109,production,pass,,untested,,,
Programs/Keygroups/Samples From Mars/SH5 From Mars/Bass/Phat Square.xpm,Keygroup,gzip-json,pass,97,production,pass,,untested,,,
Programs/Keygroups/Samples From Mars/SH5 From Mars/Bass/Short Detuned Dirt.xpm,Keygroup,gzip-json,pass,109,production,pass,,untested,,,
Programs/Keygroups/Samples From Mars/SH5 From Mars/Bass/Strong Triangle.xpm,Keygroup,gzip-json,pass,109,production,pass,,untested,,,
Programs/Keygroups/Samples From Mars/SH5 From Mars/Bass/The Saw.xpm,Keygroup,gzip-json,pass,109,production,pass,,untested,,,
Programs/Keygroups/Samples From Mars/SH5 From Mars/Bass/Toasted Triangle.xpm,Keygroup,gzip-json,pass,109,production,pass,,untested,,,
Programs/Keygroups/Samples From Mars/SH5 From Mars/Bass/Triangle To VCA.xpm,Keygroup,gzip-json,pass,109,production,pass,,untested,,,
Programs/Keygroups/Samples From Mars/SH5 From Mars/FX/Don't Answer FX.xpm,Keygroup,gzip-json,pass,108,production,pass,,untested,,,
Programs/Keygroups/Samples From Mars/SH5 From Mars/FX/Lost Radio FX.xpm,Keygroup,gzip-json,pass,121,production,pass,,untested,,,
Programs/Keygroups/Samples From Mars/SH5 From Mars/FX/Ring Mod FX.xpm,Keygroup,gzip-json,pass,97,production,pass,,untested,,,
Programs/Keygroups/Samples From Mars/SH5 From Mars/FX/Rubbery Res.xpm,Keygroup,gzip-json,pass,97,production,pass,,untested,,,
Programs/Keygroups/Samples From Mars/SH5 From Mars/FX/Slug S&H FX.xpm,Keygroup,gzip-json,pass,109,production,pass,,untested,,,
Programs/Keygroups/Samples From Mars/SH5 From Mars/FX/Syn Toms.xpm,Keygroup,gzip-json,pass,242,production,pass,,untested,,,
Programs/Keygroups/Samples From Mars/SH5 From Mars/Keys & Pads/Baby Vibraphone.xpm,Keygroup,gzip-json,pass,109,production,pass,,untested,,,
Programs/Keygroups/Samples From Mars/SH5 From Mars/Keys & Pads/Deep Planet.xpm,Keygroup,gzip-json,pass,97,production,pass,,untested,,,
Programs/Keygroups/Samples From Mars/SH5 From Mars/Keys & Pads/Hiss Machine.xpm,Keygroup,gzip-json,pass,109,production,pass,,untested,,,
Programs/Keygroups/Samples From Mars/SH5 From Mars/Keys & Pads/Moving Square.xpm,Keygroup,gzip-json,pass,109,production,pass,,untested,,,
Programs/Keygroups/Samples From Mars/SH5 From Mars/Keys & Pads/WonkWonk.xpm,Keygroup,gzip-json,pass,106,production,pass,,untested,,,
Programs/Keygroups/Samples From Mars/SH5 From Mars/Leads/Double Pulsin.xpm,Keygroup,gzip-json,pass,121,production,pass,,untested,,,
Programs/Keygroups/Samples From Mars/SH5 From Mars/Leads/Duck Growl.xpm,Keygroup,gzip-json,pass,109,production,pass,,untested,,,
Programs/Keygroups/Samples From Mars/SH5 From Mars/Leads/Fat Interval Lead.xpm,Keygroup,gzip-json,pass,109,production,pass,,untested,,,
Programs/Keygroups/Samples From Mars/SH5 From Mars/Leads/FunkWhiz.xpm,Keygroup,gzip-json,pass,109,production,pass,,untested,,,
Programs/Keygroups/Samples From Mars/SH5 From Mars/Leads/Funny Cat.xpm,Keygroup,gzip-json,pass,97,production,pass,,untested,,,
Programs/Keygroups/Samples From Mars/SH5 From Mars/Leads/Hendrix Fuzz.xpm,Keygroup,gzip-json,pass,109,production,pass,,untested,,,
Programs/Keygroups/Samples From Mars/SH5 From Mars/Leads/Resonant Flute.xpm,Keygroup,gzip-json,pass,109,production,pass,,untested,,,
Programs/Keygroups/Samples From Mars/SH5 From Mars/Leads/Vowel Synth.xpm,Keygroup,gzip-json,pass,109,production,pass,,untested,,,
Programs/Keygroups/Samples From Mars/SH5 From Mars/Leads/Wild LFO Lead.xpm,Keygroup,gzip-json,pass,96,production,pass,,untested,,,
Programs/Keygroups/Samples From Mars/SID From Mars/Bass/AlterEgoFemaleVersion.xpm,Keygroup,gzip-json,pass,83,production,pass,,untested,,,
Programs/Keygroups/Samples From Mars/SID From Mars/Bass/BungelingBayBass.xpm,Keygroup,gzip-json,pass,73,production,pass,,untested,,,
Programs/Keygroups/Samples From Mars/SID From Mars/Bass/DoubleDragonBass.xpm,Keygroup,gzip-json,pass,97,production,pass,,untested,,,
Programs/Keygroups/Samples From Mars/SID From Mars/Bass/Turican.xpm,Keygroup,gzip-json,pass,85,production,pass,,untested,,,
Programs/Keygroups/Samples From Mars/SID From Mars/FX/BombJack.xpm,Keygroup,gzip-json,pass,146,production,pass,,untested,,,
Programs/Keygroups/Samples From Mars/SID From Mars/FX/FlaschBier.xpm,Keygroup,gzip-json,pass,85,production,pass,,untested,,,
Programs/Keygroups/Samples From Mars/SID From Mars/FX/OutRun.xpm,Keygroup,gzip-json,pass,85,production,pass,,untested,,,
Programs/Keygroups/Samples From Mars/SID From Mars/FX/Pitfall!.xpm,Keygroup,gzip-json,pass,84,production,pass,,untested,,,
Programs/Keygroups/Samples From Mars/SID From Mars/FX/Rush'nAttack.xpm,Keygroup,gzip-json,pass,49,production,pass,,untested,,,
Programs/Keygroups/Samples From Mars/SID From Mars/Leads/AlterEgoMaleVersion.xpm,Keygroup,gzip-json,pass,80,production,pass,,untested,,,
Programs/Keygroups/Samples From Mars/SID From Mars/Leads/Bard'sTale.xpm,Keygroup,gzip-json,pass,219,production,pass,,untested,,,
Programs/Keygroups/Samples From Mars/SID From Mars/Leads/Giana'sLead.xpm,Keygroup,gzip-json,pass,92,production,pass,,untested,,,
Programs/Keygroups/Samples From Mars/SID From Mars/Leads/KilledUntilDead.xpm,Keygroup,gzip-json,pass,85,production,pass,,untested,,,
Programs/Keygroups/Samples From Mars/SID From Mars/Leads/LazyJones.xpm,Keygroup,gzip-json,pass,73,production,pass,,untested,,,
Programs/Keygroups/Samples From Mars/SID From Mars/Leads/LoadRunner.xpm,Keygroup,gzip-json,pass,85,production,pass,,untested,,,
Programs/Keygroups/Samples From Mars/SID From Mars/Leads/PostmanPat.xpm,Keygroup,gzip-json,pass,72,production,pass,,untested,,,
Programs/Keygroups/Samples From Mars/SID From Mars/Leads/R-Type.xpm,Keygroup,gzip-json,pass,85,production,pass,,untested,,,
Programs/Keygroups/Samples From Mars/SID From Mars/Leads/Xenomorph.xpm,Keygroup,gzip-json,pass,85,production,pass,,untested,,,
Programs/Keygroups/Samples From Mars/SID From Mars/Leads/YieArLead.xpm,Keygroup,gzip-json,pass,85,production,pass,,untested,,,
Programs/Keygroups/Samples From Mars/SID From Mars/Pads/Arkanoid.xpm,Keygroup,gzip-json,pass,96,production,pass,,untested,,,
Programs/Keygroups/Samples From Mars/SID From Mars/Pads/BigFatHairyDeal.xpm,Keygroup,gzip-json,pass,97,production,pass,,untested,,,
Programs/Keygroups/Samples From Mars/SID From Mars/Pads/BubbleBobblePad.xpm,Keygroup,gzip-json,pass,82,production,pass,,untested,,,
Programs/Keygroups/Samples From Mars/SID From Mars/Pads/CelestialHarmony.xpm,Keygroup,gzip-json,pass,85,production,pass,,untested,,,
Programs/Keygroups/Samples From Mars/SID From Mars/Pads/ContraPad.xpm,Keygroup,gzip-json,pass,96,production,pass,,untested,,,
Programs/Keygroups/Samples From Mars/SID From Mars/Pads/HumanKillingMachine.xpm,Keygroup,gzip-json,pass,84,production,pass,,untested,,,
Programs/Keygroups/Samples From Mars/SID From Mars/Pads/LemmingsPad.xpm,Keygroup,gzip-json,pass,82,production,pass,,untested,,,
Programs/Keygroups/Samples From Mars/SID From Mars/Pads/Seastalker.xpm,Keygroup,gzip-json,pass,85,production,pass,,untested,,,
Programs/Keygroups/Samples From Mars/SID From Mars/Pads/SpyVSspy.xpm,Keygroup,gzip-json,pass,97,production,pass,,untested,,,
Programs/Keygroups/Samples From Mars/SID From Mars/Pads/WastelandPad.xpm,Keygroup,gzip-json,pass,85,production,pass,,untested,,,
Programs/Keygroups/Samples From Mars/SYS100M From Mars/Bass/808sInSpace.xpm,Keygroup,gzip-json,pass,68,production,pass,,untested,,,
Programs/Keygroups/Samples From Mars/SYS100M From Mars/Bass/Dual SineWave.xpm,Keygroup,gzip-json,pass,109,production,pass,,untested,,,
Programs/Keygroups/Samples From Mars/SYS100M From Mars/Bass/DualModulatingSquare.xpm,Keygroup,gzip-json,pass,109,production,pass,,untested,,,
Programs/Keygroups/Samples From Mars/SYS100M From Mars/Bass/HalfSub_Tri.xpm,Keygroup,gzip-json,pass,85,production,pass,,untested,,,
Programs/Keygroups/Samples From Mars/SYS100M From Mars/Bass/PutARingOneIt.xpm,Keygroup,gzip-json,pass,85,production,pass,,untested,,,
Programs/Keygroups/Samples From Mars/SYS100M From Mars/FX/1200BC.xpm,Keygroup,gzip-json,pass,83,production,pass,,untested,,,
Programs/Keygroups/Samples From Mars/SYS100M From Mars/FX/Bad Signs.xpm,Keygroup,gzip-json,pass,109,production,pass,,untested,,,
Programs/Keygroups/Samples From Mars/SYS100M From Mars/FX/BowiesInSpace.xpm,Keygroup,gzip-json,pass,85,production,pass,,untested,,,
Programs/Keygroups/Samples From Mars/SYS100M From Mars/FX/CheeseburgersInHell.xpm,Keygroup,gzip-json,pass,61,production,pass,,untested,,,
Programs/Keygroups/Samples From Mars/SYS100M From Mars/FX/CommonGround.xpm,Keygroup,gzip-json,pass,73,production,pass,,untested,,,
Programs/Keygroups/Samples From Mars/SYS100M From Mars/FX/GoodSigns.xpm,Keygroup,gzip-json,pass,109,production,pass,,untested,,,
Programs/Keygroups/Samples From Mars/SYS100M From Mars/FX/PistolsOnly.xpm,Keygroup,gzip-json,pass,73,production,pass,,untested,,,
Programs/Keygroups/Samples From Mars/SYS100M From Mars/FX/SystemIsDown.xpm,Keygroup,gzip-json,pass,88,production,pass,,untested,,,
Programs/Keygroups/Samples From Mars/SYS100M From Mars/FX/Wombats.xpm,Keygroup,gzip-json,pass,85,production,pass,,untested,,,
Programs/Keygroups/Samples From Mars/SYS100M From Mars/FX/motherVShal.xpm,Keygroup,gzip-json,pass,61,production,pass,,untested,,,
Programs/Keygroups/Samples From Mars/SYS100M From Mars/Keys & Pads/4AM.xpm,Keygroup,gzip-json,pass,38,production,pass,,untested,,,
Programs/Keygroups/Samples From Mars/SYS100M From Mars/Keys & Pads/ContentMax.xpm,Keygroup,gzip-json,pass,79,production,pass,,untested,,,
Programs/Keygroups/Samples From Mars/SYS100M From Mars/Keys & Pads/Dual Sawtooth.xpm,Keygroup,gzip-json,pass,96,production,pass,,untested,,,
Programs/Keygroups/Samples From Mars/SYS100M From Mars/Keys & Pads/GigerCounter.xpm,Keygroup,gzip-json,pass,109,production,pass,,untested,,,
Programs/Keygroups/Samples From Mars/SYS100M From Mars/Keys & Pads/I'mAFireStopper.xpm,Keygroup,gzip-json,pass,73,production,pass,,untested,,,
Programs/Keygroups/Samples From Mars/SYS100M From Mars/Keys & Pads/SineSteps.xpm,Keygroup,gzip-json,pass,73,production,pass,,untested,,,
Programs/Keygroups/Samples From Mars/SYS100M From Mars/Keys & Pads/You'reLittlePeople.xpm,Keygroup,gzip-json,pass,97,production,pass,,untested,,,
Programs/Keygroups/Samples From Mars/SYS100M From Mars/Leads/BionicHands.xpm,Keygroup,gzip-json,pass,85,production,pass,,untested,,,
Programs/Keygroups/Samples From Mars/SYS100M From Mars/Leads/DaffyPunk.xpm,Keygroup,gzip-json,pass,73,production,pass,,untested,,,
Programs/Keygroups/Samples From Mars/SYS100M From Mars/Leads/FastHotGuitarSolo.xpm,Keygroup,gzip-json,pass,73,production,pass,,untested,,,
Programs/Keygroups/Samples From Mars/SYS100M From Mars/Leads/RunnyKine.xpm,Keygroup,gzip-json,pass,73,production,pass,,untested,,,
Programs/Keygroups/Samples From Mars/SYS100M From Mars/Leads/Sisters.xpm,Keygroup,gzip-json,pass,85,production,pass,,untested,,,
Programs/Keygroups/Samples From Mars/SYS100M From Mars/Leads/Solice.xpm,Keygroup,gzip-json,pass,73,production,pass,,untested,,,
Programs/Keygroups/Samples From Mars/Synare From Mars/Clean Sub.xpm,Keygroup,gzip-json,pass,25,production,pass,,untested,,,
Programs/Keygroups/Samples From Mars/Synare From Mars/Dirty Sub.xpm,Keygroup,gzip-json,pass,25,production,pass,,untested,,,
Programs/Keygroups/Samples From Mars/Synare From Mars/Res Long.xpm,Keygroup,gzip-json,pass,53,production,pass,,untested,,,
Programs/Keygroups/Samples From Mars/Synare From Mars/Res Short.xpm,Keygroup,gzip-json,pass,41,production,pass,,untested,,,
Programs/Keygroups/Samples From Mars/Synare From Mars/Sub Dirt.xpm,Keygroup,gzip-json,pass,24,production,pass,,untested,,,
Programs/Keygroups/Samples From Mars/Synare From Mars/Sub Long.xpm,Keygroup,gzip-json,pass,60,production,pass,,untested,,,
Programs/Keygroups/Samples From Mars/Synare From Mars/Sub Short.xpm,Keygroup,gzip-json,pass,60,production,pass,,untested,,,
Programs/Keygroups/Samples From Mars/Synare From Mars/Unison.xpm,Keygroup,gzip-json,pass,42,production,pass,,untested,,,
Programs/Keygroups/Samples From Mars/VP330 From Mars/2000Pads.xpm,Keygroup,gzip-json,pass,36,production,pass,,untested,,,
Programs/Keygroups/Samples From Mars/VP330 From Mars/AreaCode.xpm,Keygroup,gzip-json,pass,49,production,pass,,untested,,,
Programs/Keygroups/Samples From Mars/VP330 From Mars/AurynPad.xpm,Keygroup,gzip-json,pass,49,production,pass,,untested,,,
Programs/Keygroups/Samples From Mars/VP330 From Mars/BigMinidisc.xpm,Keygroup,gzip-json,pass,29,production,pass,,untested,,,
Programs/Keygroups/Samples From Mars/VP330 From Mars/BirdOrgans.xpm,Keygroup,gzip-json,pass,33,production,pass,,untested,,,
Programs/Keygroups/Samples From Mars/VP330 From Mars/BirdThoughts.xpm,Keygroup,gzip-json,pass,48,production,pass,,untested,,,
Programs/Keygroups/Samples From Mars/VP330 From Mars/BrokenTape.xpm,Keygroup,gzip-json,pass,45,production,pass,,untested,,,
Programs/Keygroups/Samples From Mars/VP330 From Mars/CameronInEgypt.xpm,Keygroup,gzip-json,pass,49,production,pass,,untested,,,
Programs/Keygroups/Samples From Mars/VP330 From Mars/ChillHive.xpm,Keygroup,gzip-json,pass,33,production,pass,,untested,,,
Programs/Keygroups/Samples From Mars/VP330 From Mars/Crossfire.xpm,Keygroup,gzip-json,pass,48,production,pass,,untested,,,
Programs/Keygroups/Samples From Mars/VP330 From Mars/DigitalDiety.xpm,Keygroup,gzip-json,pass,37,production,pass,,untested,,,
Programs/Keygroups/Samples From Mars/VP330 From Mars/DivePlavalaguna.xpm,Keygroup,gzip-json,pass,36,production,pass,,untested,,,
Programs/Keygroups/Samples From Mars/VP330 From Mars/DrunkInSpace.xpm,Keygroup,gzip-json,pass,49,production,pass,,untested,,,
Programs/Keygroups/Samples From Mars/VP330 From Mars/DuranDuranCombo.xpm,Keygroup,gzip-json,pass,48,production,pass,,untested,,,
Programs/Keygroups/Samples From Mars/VP330 From Mars/DustyStringfield.xpm,Keygroup,gzip-json,pass,49,production,pass,,untested,,,
Programs/Keygroups/Samples From Mars/VP330 From Mars/EnglishGangsters.xpm,Keygroup,gzip-json,pass,49,production,pass,,untested,,,
Programs/Keygroups/Samples From Mars/VP330 From Mars/EnsembleFemale.xpm,Keygroup,gzip-json,pass,25,production,pass,,untested,,,
Programs/Keygroups/Samples From Mars/VP330 From Mars/EnsembleFemaleVibe1.xpm,Keygroup,gzip-json,pass,25,production,pass,,untested,,,
Programs/Keygroups/Samples From Mars/VP330 From Mars/EnsembleFemaleVibe2.xpm,Keygroup,gzip-json,pass,25,production,pass,,untested,,,
Programs/Keygroups/Samples From Mars/VP330 From Mars/EnsembleMale.xpm,Keygroup,gzip-json,pass,47,production,pass,,untested,,,
Programs/Keygroups/Samples From Mars/VP330 From Mars/EnsembleMaleVibe1.xpm,Keygroup,gzip-json,pass,49,production,pass,,untested,,,
Programs/Keygroups/Samples From Mars/VP330 From Mars/EnsembleMaleVibe2.xpm,Keygroup,gzip-json,pass,49,production,pass,,untested,,,
Programs/Keygroups/Samples From Mars/VP330 From Mars/FancyChair.xpm,Keygroup,gzip-json,pass,48,production,pass,,untested,,,
Programs/Keygroups/Samples From Mars/VP330 From Mars/FarfisaFiesta.xpm,Keygroup,gzip-json,pass,48,production,pass,,untested,,,
Programs/Keygroups/Samples From Mars/VP330 From Mars/FlyingPoliceCarPad.xpm,Keygroup,gzip-json,pass,36,production,pass,,untested,,,
Programs/Keygroups/Samples From Mars/VP330 From Mars/GeorgeIraCombo.xpm,Keygroup,gzip-json,pass,48,production,pass,,untested,,,
Programs/Keygroups/Samples From Mars/VP330 From Mars/HallOatsCombo.xpm,Keygroup,gzip-json,pass,49,production,pass,,untested,,,
Programs/Keygroups/Samples From Mars/VP330 From Mars/Hey.xpm,Keygroup,gzip-json,pass,49,production,pass,,untested,,,
Programs/Keygroups/Samples From Mars/VP330 From Mars/KillingAnAlien.xpm,Keygroup,gzip-json,pass,49,production,pass,,untested,,,
Programs/Keygroups/Samples From Mars/VP330 From Mars/Koleen.xpm,Keygroup,gzip-json,pass,29,production,pass,,untested,,,
Programs/Keygroups/Samples From Mars/VP330 From Mars/LV223Strings.xpm,Keygroup,gzip-json,pass,24,production,pass,,untested,,,
Programs/Keygroups/Samples From Mars/VP330 From Mars/LittleDemonic.xpm,Keygroup,gzip-json,pass,23,production,pass,,untested,,,
Programs/Keygroups/Samples From Mars/VP330 From Mars/LosAngeles2420.xpm,Keygroup,gzip-json,pass,49,production,pass,,untested,,,
Programs/Keygroups/Samples From Mars/VP330 From Mars/LovelyHorns.xpm,Keygroup,gzip-json,pass,36,production,pass,,untested,,,
Programs/Keygroups/Samples From Mars/VP330 From Mars/MetalocalypseLead.xpm,Keygroup,gzip-json,pass,36,production,pass,,untested,,,
Programs/Keygroups/Samples From Mars/VP330 From Mars/MoonChild.xpm,Keygroup,gzip-json,pass,49,production,pass,,untested,,,
Programs/Keygroups/Samples From Mars/VP330 From Mars/PortBelow.xpm,Keygroup,gzip-json,pass,24,production,pass,,untested,,,
Programs/Keygroups/Samples From Mars/VP330 From Mars/PrecisionSporks.xpm,Keygroup,gzip-json,pass,35,production,pass,,untested,,,
Programs/Keygroups/Samples From Mars/VP330 From Mars/PrissPad.xpm,Keygroup,gzip-json,pass,36,production,pass,,untested,,,
Programs/Keygroups/Samples From Mars/VP330 From Mars/RickyRicardoSolo.xpm,Keygroup,gzip-json,pass,49,production,pass,,untested,,,
Programs/Keygroups/Samples From Mars/VP330 From Mars/SaturatedGlidedStrings.xpm,Keygroup,gzip-json,pass,49,production,pass,,untested,,,
Programs/Keygroups/Samples From Mars/VP330 From Mars/SchlitzBeamCombo.xpm,Keygroup,gzip-json,pass,47,production,pass,,untested,,,
Programs/Keygroups/Samples From Mars/VP330 From Mars/ShrimpWineCombo.xpm,Keygroup,gzip-json,pass,49,production,pass,,untested,,,
Programs/Keygroups/Samples From Mars/VP330 From Mars/SilentShoutedPad.xpm,Keygroup,gzip-json,pass,32,production,pass,,untested,,,
Programs/Keygroups/Samples From Mars/VP330 From Mars/SomeAttack.xpm,Keygroup,gzip-json,pass,49,production,pass,,untested,,,
Programs/Keygroups/Samples From Mars/VP330 From Mars/SomeStudsPad.xpm,Keygroup,gzip-json,pass,35,production,pass,,untested,,,
Programs/Keygroups/Samples From Mars/VP330 From Mars/SplitAndFuzzy.xpm,Keygroup,gzip-json,pass,49,production,pass,,untested,,,
Programs/Keygroups/Samples From Mars/VP330 From Mars/StringsAndVoice.xpm,Keygroup,gzip-json,pass,48,production,pass,,untested,,,
Programs/Keygroups/Samples From Mars/VP330 From Mars/StringsAndVoiceGlide.xpm,Keygroup,gzip-json,pass,46,production,pass,,untested,,,
Programs/Keygroups/Samples From Mars/VP330 From Mars/StringsLow.xpm,Keygroup,gzip-json,pass,49,production,pass,,untested,,,
Programs/Keygroups/Samples From Mars/VP330 From Mars/StringsLowGlide.xpm,Keygroup,gzip-json,pass,49,production,pass,,untested,,,
Programs/Keygroups/Samples From Mars/VP330 From Mars/Sulaco.xpm,Keygroup,gzip-json,pass,36,production,pass,,untested,,,
Programs/Keygroups/Samples From Mars/VP330 From Mars/TangoCashCombo.xpm,Keygroup,gzip-json,pass,47,production,pass,,untested,,,
Programs/Keygroups/Samples From Mars/VP330 From Mars/UpAllNight.xpm,Keygroup,gzip-json,pass,49,production,pass,,untested,,,
Programs/Keygroups/Samples From Mars/VP330 From Mars/WolvesVsRockmore.xpm,Keygroup,gzip-json,pass,24,production,pass,,untested,,,
Programs/Keygroups/Samples From Mars/Voyetra From Mars/Alien Bubbles FX.xpm,Keygroup,gzip-json,pass,65,production,pass,,untested,,,
Programs/Keygroups/Samples From Mars/Voyetra From Mars/Ascending Sine FX.xpm,Keygroup,gzip-json,pass,128,production,pass,,untested,,,
Programs/Keygroups/Samples From Mars/Voyetra From Mars/Bouncing Saw FX.xpm,Keygroup,gzip-json,pass,116,production,pass,,untested,,,
Programs/Keygroups/Samples From Mars/Voyetra From Mars/Dreamy Poly.xpm,Keygroup,gzip-json,pass,49,production,pass,,untested,,,
Programs/Keygroups/Samples From Mars/Voyetra From Mars/Envelope Saw.xpm,Keygroup,gzip-json,pass,116,production,pass,,untested,,,
Programs/Keygroups/Samples From Mars/Voyetra From Mars/Envelope Square.xpm,Keygroup,gzip-json,pass,116,production,pass,,untested,,,
Programs/Keygroups/Samples From Mars/Voyetra From Mars/Enveloped Horns.xpm,Keygroup,gzip-json,pass,97,production,pass,,untested,,,
Programs/Keygroups/Samples From Mars/Voyetra From Mars/Fat Saw Bass.xpm,Keygroup,gzip-json,pass,97,production,pass,,untested,,,
Programs/Keygroups/Samples From Mars/Voyetra From Mars/Hard Patch.xpm,Keygroup,gzip-json,pass,61,production,pass,,untested,,,
Programs/Keygroups/Samples From Mars/Voyetra From Mars/In Unison.xpm,Keygroup,gzip-json,pass,116,production,pass,,untested,,,
Programs/Keygroups/Samples From Mars/Voyetra From Mars/Interval Glide Synth.xpm,Keygroup,gzip-json,pass,120,production,pass,,untested,,,
Programs/Keygroups/Samples From Mars/Voyetra From Mars/Landing FX.xpm,Keygroup,gzip-json,pass,55,production,pass,,untested,,,
Programs/Keygroups/Samples From Mars/Voyetra From Mars/Layered Horns.xpm,Keygroup,gzip-json,pass,55,production,pass,,untested,,,
Programs/Keygroups/Samples From Mars/Voyetra From Mars/Nasal Voices FX.xpm,Keygroup,gzip-json,pass,109,production,pass,,untested,,,
Programs/Keygroups/Samples From Mars/Voyetra From Mars/New Age Harpsichord.xpm,Keygroup,gzip-json,pass,116,production,pass,,untested,,,
Programs/Keygroups/Samples From Mars/Voyetra From Mars/Noisey Saw LFO.xpm,Keygroup,gzip-json,pass,104,production,pass,,untested,,,
Programs/Keygroups/Samples From Mars/Voyetra From Mars/Octane Wobble FX.xpm,Keygroup,gzip-json,pass,96,production,pass,,untested,,,
Programs/Keygroups/Samples From Mars/Voyetra From Mars/Offset Space Synth.xpm,Keygroup,gzip-json,pass,46,production,pass,,untested,,,
Programs/Keygroups/Samples From Mars/Voyetra From Mars/Organ.xpm,Keygroup,gzip-json,pass,115,production,pass,,untested,,,
Programs/Keygroups/Samples From Mars/Voyetra From Mars/PWM Envelope LFO.xpm,Keygroup,gzip-json,pass,73,production,pass,,untested,,,
Programs/Keygroups/Samples From Mars/Voyetra From Mars/Ravey Pitch Mod.xpm,Keygroup,gzip-json,pass,53,production,pass,,untested,,,
Programs/Keygroups/Samples From Mars/Voyetra From Mars/Repeated Landing FX.xpm,Keygroup,gzip-json,pass,55,production,pass,,untested,,,
Programs/Keygroups/Samples From Mars/Voyetra From Mars/Resonant Square Bass.xpm,Keygroup,gzip-json,pass,115,production,pass,,untested,,,
Programs/Keygroups/Samples From Mars/Voyetra From Mars/S&H Lead.xpm,Keygroup,gzip-json,pass,42,production,pass,,untested,,,
Programs/Keygroups/Samples From Mars/Voyetra From Mars/Saw Glide.xpm,Keygroup,gzip-json,pass,109,production,pass,,untested,,,
Programs/Keygroups/Samples From Mars/Voyetra From Mars/Saw Pad.xpm,Keygroup,gzip-json,pass,61,production,pass,,untested,,,
Programs/Keygroups/Samples From Mars/Voyetra From Mars/Saw Poly.xpm,Keygroup,gzip-json,pass,55,production,pass,,untested,,,
Programs/Keygroups/Samples From Mars/Voyetra From Mars/Screech & Hiss.xpm,Keygroup,gzip-json,pass,85,production,pass,,untested,,,
Programs/Keygroups/Samples From Mars/Voyetra From Mars/Soft Envelope Synth.xpm,Keygroup,gzip-json,pass,97,production,pass,,untested,,,
Programs/Keygroups/Samples From Mars/Voyetra From Mars/Square.xpm,Keygroup,gzip-json,pass,116,production,pass,,untested,,,
Programs/Keygroups/Samples From Mars/Voyetra From Mars/Sub Osc.xpm,Keygroup,gzip-json,pass,58,production,pass,,untested,,,
Programs/Keygroups/Samples From Mars/Voyetra From Mars/Syn Tom.xpm,Keygroup,gzip-json,pass,43,production,pass,,untested,,,
Programs/Keygroups/Samples From Mars/Voyetra From Mars/Sync Lite.xpm,Keygroup,gzip-json,pass,109,production,pass,,untested,,,
Programs/Keygroups/Samples From Mars/Voyetra From Mars/Sync Mod.xpm,Keygroup,gzip-json,pass,109,production,pass,,untested,,,
Programs/Keygroups/Samples From Mars/Voyetra From Mars/Tremor Synth.xpm,Keygroup,gzip-json,pass,55,production,pass,,untested,,,
Programs/Keygroups/Samples From Mars/Voyetra From Mars/Triangle.xpm,Keygroup,gzip-json,pass,55,production,pass,,untested,,,
Programs/Keygroups/Samples From Mars/Voyetra From Mars/Unison Synth.xpm,Keygroup,gzip-json,pass,61,production,pass,,untested,,,
Programs/Keygroups/Samples From Mars/Voyetra From Mars/Voyager.xpm,Keygroup,gzip-json,pass,55,production,pass,,untested,,,
Programs/Keygroups/Samples From Mars/Wasp From Mars/Basics/2SAWS.xpm,Keygroup,gzip-json,pass,73,production,pass,,untested,,,
Programs/Keygroups/Samples From Mars/Wasp From Mars/Basics/2Squares.xpm,Keygroup,gzip-json,pass,73,production,pass,,untested,,,
Programs/Keygroups/Samples From Mars/Wasp From Mars/Basics/SAW.xpm,Keygroup,gzip-json,pass,73,production,pass,,untested,,,
Programs/Keygroups/Samples From Mars/Wasp From Mars/Basics/Square.xpm,Keygroup,gzip-json,pass,72,production,pass,,untested,,,
Programs/Keygroups/Samples From Mars/Wasp From Mars/Basics/SquareWhite.xpm,Keygroup,gzip-json,pass,73,production,pass,,untested,,,
Programs/Keygroups/Samples From Mars/Wasp From Mars/Bass/FUNKsaw.xpm,Keygroup,gzip-json,pass,72,production,pass,,untested,,,
Programs/Keygroups/Samples From Mars/Wasp From Mars/Bass/FUNKsquare.xpm,Keygroup,gzip-json,pass,48,production,pass,,untested,,,
Programs/Keygroups/Samples From Mars/Wasp From Mars/Bass/SmallEcho.xpm,Keygroup,gzip-json,pass,72,production,pass,,untested,,,
Programs/Keygroups/Samples From Mars/Wasp From Mars/Bass/SoPeterBanks.xpm,Keygroup,gzip-json,pass,49,production,pass,,untested,,,
Programs/Keygroups/Samples From Mars/Wasp From Mars/Bass/SouthernSting.xpm,Keygroup,gzip-json,pass,25,production,pass,,untested,,,
Programs/Keygroups/Samples From Mars/Wasp From Mars/Bass/StrictlyJazz.xpm,Keygroup,gzip-json,pass,45,production,pass,,untested,,,
Programs/Keygroups/Samples From Mars/Wasp From Mars/Bass/SwarmingBass.xpm,Keygroup,gzip-json,pass,57,production,pass,,untested,,,
Programs/Keygroups/Samples From Mars/Wasp From Mars/Bass/TenderBass.xpm,Keygroup,gzip-json,pass,60,production,pass,,untested,,,
Programs/Keygroups/Samples From Mars/Wasp From Mars/Bass/YeSquareBass.xpm,Keygroup,gzip-json,pass,71,production,pass,,untested,,,
Programs/Keygroups/Samples From Mars/Wasp From Mars/FX/BeeThousand.xpm,Keygroup,gzip-json,pass,73,production,pass,,untested,,,
Programs/Keygroups/Samples From Mars/Wasp From Mars/FX/BrokenSystem.xpm,Keygroup,gzip-json,pass,146,production,pass,,untested,,,
Programs/Keygroups/Samples From Mars/Wasp From Mars/FX/Compuporn.xpm,Keygroup,gzip-json,pass,73,production,pass,,untested,,,
Programs/Keygroups/Samples From Mars/Wasp From Mars/FX/HiveBomb.xpm,Keygroup,gzip-json,pass,47,production,pass,,untested,,,
Programs/Keygroups/Samples From Mars/Wasp From Mars/FX/LowsHiFi.xpm,Keygroup,gzip-json,pass,73,production,pass,,untested,,,
Programs/Keygroups/Samples From Mars/Wasp From Mars/FX/SampleAndSting.xpm,Keygroup,gzip-json,pass,146,production,pass,,untested,,,
Programs/Keygroups/Samples From Mars/Wasp From Mars/FX/Vtip.xpm,Keygroup,gzip-json,pass,73,production,pass,,untested,,,
Programs/Keygroups/Samples From Mars/Wasp From Mars/Leads/BumbleBros.xpm,Keygroup,gzip-json,pass,61,production,pass,,untested,,,
Programs/Keygroups/Samples From Mars/Wasp From Mars/Leads/DangerousPlans.xpm,Keygroup,gzip-json,pass,61,production,pass,,untested,,,
Programs/Keygroups/Samples From Mars/Wasp From Mars/Leads/ElementaryScience.xpm,Keygroup,gzip-json,pass,73,production,pass,,untested,,,
Programs/Keygroups/Samples From Mars/Wasp From Mars/Leads/Franky4Fingers.xpm,Keygroup,gzip-json,pass,73,production,pass,,untested,,,
Programs/Keygroups/Samples From Mars/Wasp From Mars/Leads/HueyLewis.xpm,Keygroup,gzip-json,pass,73,production,pass,,untested,,,
Programs/Keygroups/Samples From Mars/Wasp From Mars/Leads/InsectBling.xpm,Keygroup,gzip-json,pass,98,production,pass,,untested,,,
Programs/Keygroups/Samples From Mars/Wasp From Mars/Leads/KilledAccordion.xpm,Keygroup,gzip-json,pass,146,production,pass,,untested,,,
Programs/Keygroups/Samples From Mars/Wasp From Mars/Leads/LaMordidita.xpm,Keygroup,gzip-json,pass,183,production,pass,,untested,,,
Programs/Keygroups/Samples From Mars/Wasp From Mars/Leads/OPPlead.xpm,Keygroup,gzip-json,pass,61,production,pass,,untested,,,
Programs/Keygroups/Samples From Mars/Wasp From Mars/Leads/Timps.xpm,Keygroup,gzip-json,pass,73,production,pass,,untested,,,
Programs/Keygroups/Samples From Mars/Wasp From Mars/Leads/YellowNuman.xpm,Keygroup,gzip-json,pass,54,production,pass,,untested,,,
Programs/Keygroups/Samples From Mars/Wasp From Mars/Leads/eXistenZ.xpm,Keygroup,gzip-json,pass,61,production,pass,,untested,,,
Programs/Keygroups/Samples From Mars/Wasp From Mars/Pads/80sThreats.xpm,Keygroup,gzip-json,pass,73,production,pass,,untested,,,
Programs/Keygroups/Samples From Mars/Wasp From Mars/Pads/DizzyPad.xpm,Keygroup,gzip-json,pass,61,production,pass,,untested,,,
Programs/Keygroups/Samples From Mars/Wasp From Mars/Pads/GrimSweeper.xpm,Keygroup,gzip-json,pass,73,production,pass,,untested,,,
Programs/Keygroups/Samples From Mars/Wasp From Mars/Pads/RainbowYellow.xpm,Keygroup,gzip-json,pass,73,production,pass,,untested,,,
Programs/Keygroups/Samples From Mars/Wasp From Mars/Pads/WaspVsVulture.xpm,Keygroup,gzip-json,pass,49,production,pass,,untested,,,
Programs/Keygroups/Testing/Star Piano C3 RAW.xpm,Keygroup,gzip-json,pass,1,testing,pass,,untested,,,
Programs/Keygroups/Testing/Star Piano C3 STEREO.xpm,Keygroup,gzip-json,pass,1,testing,warn,warning:wave_probe_unsupported:standard WAV probe could not read 60_StarPiano_DX100_C3_STEREO.wav: unknown format: 65534,untested,,,
Programs/Keygroups/Testing/Star Piano TEST.xpm,Keygroup,gzip-json,pass,5,testing,fail,error:dead_note_velocity_cells:984 of 1024 note/velocity probes trigger nothing,untested,,,
Programs/Keygroups/Testing/Testing keygroup.xpm,Keygroup,gzip-json,pass,1,testing,pass,,untested,,,
Samples/Samples From Mars/Cassette Drums From Mars/Cassette Drums From Mars 01.xpm,Drum,xml,pass,64,production,pass,,untested,,,
Samples/Samples From Mars/Cassette Drums From Mars/Cassette Drums From Mars 02.xpm,Drum,xml,pass,64,production,pass,,untested,,,
Samples/Samples From Mars/Cassette Drums From Mars/Cassette Drums From Mars 03.xpm,Drum,xml,pass,64,production,pass,,untested,,,
Samples/Samples From Mars/Dr Bohm From Mars/Dr Bohm From Mars.xpm,Drum,xml,pass,25,production,pass,,untested,,,
Samples/Samples From Mars/Dr Bohm From Mars/Mini Bohm From Mars.xpm,Drum,xml,pass,30,production,pass,,untested,,,
Samples/Samples From Mars/Dr Sample From Mars/01. Drum Kits/Drums 1 - Dr Sample From Mars.xpm,Drum,xml,pass,64,production,pass,,untested,,,
Samples/Samples From Mars/Dr Sample From Mars/01. Drum Kits/Drums 2 - Dr Sample From Mars.xpm,Drum,xml,pass,64,production,pass,,untested,,,
Samples/Samples From Mars/Dr Sample From Mars/01. Drum Kits/Drums 3 - Dr Sample From Mars.xpm,Drum,xml,pass,32,production,pass,,untested,,,
Samples/Samples From Mars/Dr Sample From Mars/02. Chords/Chords 1 - Dr Sample From Mars.xpm,Drum,xml,pass,46,production,pass,,untested,,,
Samples/Samples From Mars/Dr Sample From Mars/02. Chords/Chords 2 - Dr Sample From Mars.xpm,Drum,xml,pass,48,production,pass,,untested,,,
Samples/Samples From Mars/Dr Sample From Mars/03. Textures/Textures 1 - Dr Sample From Mars.xpm,Drum,xml,pass,64,production,pass,,untested,,,
Samples/Samples From Mars/Dr Sample From Mars/03. Textures/Textures 2 - Dr Sample From Mars.xpm,Drum,xml,pass,64,production,pass,,untested,,,
Samples/Samples From Mars/Dr Sample From Mars/03. Textures/Textures 3 - Dr Sample From Mars.xpm,Drum,xml,pass,32,production,pass,,untested,,,
Samples/Samples From Mars/Ekko From Mars/Ekko From Mars.xpm,Drum,xml,pass,48,production,pass,,untested,,,
Samples/Samples From Mars/Indie Tapes From Mars/Indie Tapes From Mars 01.xpm,Drum,xml,pass,64,production,pass,,untested,,,
Samples/Samples From Mars/Indie Tapes From Mars/Indie Tapes From Mars 02.xpm,Drum,xml,pass,32,production,pass,,untested,,,
Samples/Samples From Mars/Jupiter Drums From Mars/Jupiter Drums From Mars 1.xpm,Drum,xml,pass,64,production,pass,,untested,,,
Samples/Samples From Mars/Jupiter Drums From Mars/Jupiter Drums From Mars 2.xpm,Drum,xml,pass,64,production,pass,,untested,,,
Samples/Samples From Mars/Jupiter Drums From Mars/Jupiter Drums From Mars 3.xpm,Drum,xml,pass,64,production,pass,,untested,,,
Samples/Samples From Mars/Jupiter Drums From Mars/Jupiter Drums From Mars 4.xpm,Drum,xml,pass,16,production,pass,,untested,,,
Samples/Samples From Mars/Lindrum From Mars/Lindrum From Mars 1.xpm,Drum,xml,pass,64,production,pass,,untested,,,
Samples/Samples From Mars/Lindrum From Mars/Lindrum From Mars 2.xpm,Drum,xml,pass,64,production,pass,,untested,,,
Samples/Samples From Mars/Lindrum From Mars/Lindrum From Mars 3.xpm,Drum,xml,pass,32,production,pass,,untested,,,
Samples/Samples From Mars/Lo-Fi Drum Machines From Mars/Lo-Fi Drum Machines 01.xpm,Drum,xml,pass,64,production,pass,,untested,,,
Samples/Samples From Mars/Lo-Fi Drum Machines From Mars/Lo-Fi Drum Machines 02.xpm,Drum,xml,pass,64,production,pass,,untested,,,
Samples/Samples From Mars/Lo-Fi Drum Machines From Mars/Lo-Fi Drum Machines 03.xpm,Drum,xml,pass,64,production,pass,,untested,,,
Samples/Samples From Mars/Lo-Fi Drum Machines From Mars/Lo-Fi Drum Machines 04.xpm,Drum,xml,pass,64,production,pass,,untested,,,
Samples/Samples From Mars/Lo-Fi Drum Machines From Mars/Lo-Fi Drum Machines 05.xpm,Drum,xml,pass,64,production,pass,,untested,,,
Samples/Samples From Mars/MPC1 From Mars/MPC1 From Mars 1.xpm,Drum,xml,pass,64,production,pass,,untested,,,
Samples/Samples From Mars/MPC1 From Mars/MPC1 From Mars 2.xpm,Drum,xml,pass,48,production,pass,,untested,,,
Samples/Samples From Mars/MPC1 From Mars/MPC1 From Mars 3.xpm,Drum,xml,pass,48,production,pass,,untested,,,
Samples/Samples From Mars/MPC2000 Snacks From Mars/MPC2000 Snacks From Mars 1.xpm,Drum,xml,pass,64,production,pass,,untested,,,
Samples/Samples From Mars/MPC2000 Snacks From Mars/MPC2000 Snacks From Mars 2.xpm,Drum,xml,pass,32,production,pass,,untested,,,
Samples/Samples From Mars/MPC3000 From Mars/MPC3000 From Mars 1.xpm,Drum,xml,pass,64,production,pass,,untested,,,
Samples/Samples From Mars/MPC3000 From Mars/MPC3000 From Mars 2.xpm,Drum,xml,pass,64,production,pass,,untested,,,
Samples/Samples From Mars/MPC3000 From Mars/MPC3000 From Mars 3.xpm,Drum,xml,pass,64,production,pass,,untested,,,
Samples/Samples From Mars/MPC3000 From Mars/MPC3000 From Mars 4.xpm,Drum,xml,pass,64,production,pass,,untested,,,
Samples/Samples From Mars/MPC3000 From Mars/MPC3000 From Mars 5.xpm,Drum,xml,pass,64,production,pass,,untested,,,
Samples/Samples From Mars/MR10 From Mars/MR10 From Mars 1.xpm,Drum,xml,pass,64,production,pass,,untested,,,
Samples/Samples From Mars/MR10 From Mars/MR10 From Mars 2.xpm,Drum,xml,pass,16,production,pass,,untested,,,
Samples/Samples From Mars/Minipops Snacks From Mars/Minipops Mars 01.xpm,Drum,xml,pass,64,production,pass,,untested,,,
Samples/Samples From Mars/Minipops Snacks From Mars/Minipops Mars 02.xpm,Drum,xml,pass,16,production,pass,,untested,,,
Samples/Samples From Mars/Modular Drums From Mars/Modular Drums 1.xpm,Drum,xml,pass,63,production,pass,,untested,,,
Samples/Samples From Mars/Modular Drums From Mars/Modular Drums 2.xpm,Drum,xml,pass,64,production,pass,,untested,,,
Samples/Samples From Mars/Modular Drums From Mars/Modular Drums 3.xpm,Drum,xml,pass,63,production,pass,,untested,,,
Samples/Samples From Mars/Modular Drums From Mars/Modular Drums 4.xpm,Drum,xml,pass,60,production,pass,,untested,,,
Samples/Samples From Mars/Modular Drums From Mars/Modular Drums 5.xpm,Drum,xml,pass,64,production,pass,,untested,,,
Samples/Samples From Mars/Modular Drums From Mars/Modular Drums 6.xpm,Drum,xml,pass,57,production,pass,,untested,,,
Samples/Samples From Mars/Perkons From Mars/Perkons From Mars 01.xpm,Drum,xml,pass,64,production,warn,warning:exclusive_sample_end:slice end equals frame count for Cymbal Noise Lite Perkons 02; MPC may treat it as exclusive,untested,,,
Samples/Samples From Mars/Perkons From Mars/Perkons From Mars 02.xpm,Drum,xml,pass,64,production,pass,,untested,,,
Samples/Samples From Mars/Private Reserve From Mars/Private Reserve From Mars 01.xpm,Drum,xml,pass,64,production,pass,,untested,,,
Samples/Samples From Mars/Private Reserve From Mars/Private Reserve From Mars 02.xpm,Drum,xml,pass,64,production,pass,,untested,,,
Samples/Samples From Mars/Private Reserve From Mars/Private Reserve From Mars 03.xpm,Drum,xml,pass,32,production,pass,,untested,,,
Samples/Samples From Mars/Pulsar From Mars/Pulsar From Mars 01.xpm,Drum,xml,pass,64,production,pass,,untested,,,
Samples/Samples From Mars/Pulsar From Mars/Pulsar From Mars 02.xpm,Drum,xml,pass,64,production,pass,,untested,,,
Samples/Samples From Mars/Recodrum From Mars/Recodrum From Mars 01.xpm,Drum,xml,pass,64,production,pass,,untested,,,
Samples/Samples From Mars/Recodrum From Mars/Recodrum From Mars 02.xpm,Drum,xml,pass,32,production,pass,,untested,,,
Samples/Samples From Mars/S950 From Mars/S950 Snacks From Mars 1.xpm,Drum,xml,pass,64,production,pass,,untested,,,
Samples/Samples From Mars/S950 From Mars/S950 Snacks From Mars 2.xpm,Drum,xml,pass,48,production,pass,,untested,,,
Samples/Samples From Mars/SP 909 From Mars/SP 909 From Mars 1.xpm,Drum,xml,pass,64,production,pass,,untested,,,
Samples/Samples From Mars/SP 909 From Mars/SP 909 From Mars 2.xpm,Drum,xml,pass,64,production,pass,,untested,,,
Samples/Samples From Mars/TOM From Mars/TOM From Mars 1.xpm,Drum,xml,pass,64,production,pass,,untested,,,
Samples/Samples From Mars/TOM From Mars/TOM From Mars 2.xpm,Drum,xml,pass,64,production,pass,,untested,,,
Samples/Samples From Mars/TOM From Mars/TOM From Mars 3.xpm,Drum,xml,pass,64,production,pass,,untested,,,
Samples/Samples From Mars/TOM From Mars/TOM From Mars 4.xpm,Drum,xml,pass,32,production,pass,,untested,,,
Samples/Samples From Mars/Vinyl Drum Machines From Mars/Vinyl Drum Machines From Mars 1.xpm,Drum,xml,pass,64,production,pass,,pass,provisional,candidate:main drums,Ranked second on Key 37 and retained as the provisional main-drums alternate; not distinct enough to serve as dedicated shots.
Samples/Samples From Mars/Vinyl Drum Machines From Mars/Vinyl Drum Machines From Mars 2.xpm,Drum,xml,pass,64,production,pass,,untested,,,
Samples/Samples From Mars/Vinyl Drum Machines From Mars/Vinyl Drum Machines From Mars 3.xpm,Drum,xml,pass,64,production,pass,,untested,,,
Samples/Samples From Mars/Vinyl Drum Machines From Mars/Vinyl Drum Machines From Mars 4.xpm,Drum,xml,pass,64,production,pass,,untested,,,
Samples/Samples From Mars/Vinyl Drum Machines From Mars/Vinyl Drum Machines From Mars 5.xpm,Drum,xml,pass,64,production,pass,,untested,,,
Samples/Samples From Mars/Vinyl Drum Machines From Mars/Vinyl Drum Machines From Mars 6.xpm,Drum,xml,pass,48,production,pass,,untested,,,
Samples/Samples From Mars/Vinyl Drum Machines From Mars/Vinyl Drum Machines From Mars 7.xpm,Drum,xml,pass,32,production,pass,,untested,,,
Samples/Samples From Mars/Vinyl Drums From Mars/Vinyl Drums From Mars 01.xpm,Drum,xml,pass,64,production,pass,,pass,no,candidate:main drums,Ranked third on Key 37 but remains a strong working base kit; not distinct enough from the other finalists to serve as dedicated shots.
Samples/Samples From Mars/Vinyl Drums From Mars/Vinyl Drums From Mars 02.xpm,Drum,xml,pass,64,production,pass,,untested,,,
Samples/Samples From Mars/Vinyl Drums From Mars/Vinyl Drums From Mars 03.xpm,Drum,xml,pass,64,production,pass,,untested,,,
Samples/Samples From Mars/Vinyl Drums From Mars/Vinyl Drums From Mars 04.xpm,Drum,xml,pass,64,production,pass,,untested,,,
Samples/Samples From Mars/Vinyl Drums From Mars/Vinyl Drums From Mars 05.xpm,Drum,xml,pass,48,production,pass,,untested,,,
Samples/Samples From Mars/Vinyl Drums From Mars/Vinyl Drums From Mars 06.xpm,Drum,xml,pass,32,production,pass,,untested,,,
Samples/Samples From Mars/Vinyl SP From Mars/Vinyl SP From Mars 01.xpm,Drum,xml,pass,64,production,pass,,pass,yes,main drums,"Ranked first on Key 37; all pads and colors work, and its broad kit is the preferred Scratchpad main-drums base."
Samples/Samples From Mars/Vinyl SP From Mars/Vinyl SP From Mars 02.xpm,Drum,xml,pass,64,production,pass,,untested,,,
Samples/Samples From Mars/Vinyl SP From Mars/Vinyl SP From Mars 03.xpm,Drum,xml,pass,64,production,pass,,untested,,,
Samples/Samples From Mars/Vinyl SP From Mars/Vinyl SP From Mars 04.xpm,Drum,xml,pass,64,production,pass,,untested,,,
Samples/Samples From Mars/Vinyl SP From Mars/Vinyl SP From Mars 05.xpm,Drum,xml,pass,64,production,pass,,untested,,,
Samples/Samples From Mars/Vinyl Synths From Mars/Vinyl Synths From Mars.xpm,Drum,xml,pass,48,production,pass,,untested,,,
Samples/Samples From Mars/Viscount From Mars/Viscount From Mars 1.xpm,Drum,xml,pass,64,production,pass,,untested,,,
Samples/Samples From Mars/Viscount From Mars/Viscount From Mars 2.xpm,Drum,xml,pass,16,production,pass,,untested,,,
Samples/Samples From Mars/Wendel From Mars/Wendel From Mars 1.xpm,Drum,xml,pass,64,production,pass,,untested,,,
Samples/Samples From Mars/Wendel From Mars/Wendel From Mars 2.xpm,Drum,xml,pass,48,production,pass,,untested,,,
